/*
SQLyog Ultimate v12.5.1 (64 bit)
MySQL - 10.4.13-MariaDB : Database - presensi2021
*********************************************************************
*/

/*!40101 SET NAMES utf8 */;

/*!40101 SET SQL_MODE=''*/;

/*!40014 SET @OLD_UNIQUE_CHECKS=@@UNIQUE_CHECKS, UNIQUE_CHECKS=0 */;
/*!40014 SET @OLD_FOREIGN_KEY_CHECKS=@@FOREIGN_KEY_CHECKS, FOREIGN_KEY_CHECKS=0 */;
/*!40101 SET @OLD_SQL_MODE=@@SQL_MODE, SQL_MODE='NO_AUTO_VALUE_ON_ZERO' */;
/*!40111 SET @OLD_SQL_NOTES=@@SQL_NOTES, SQL_NOTES=0 */;
CREATE DATABASE /*!32312 IF NOT EXISTS*/`presensi2021` /*!40100 DEFAULT CHARACTER SET latin1 */;

USE `presensi2021`;

/*Table structure for table `hari_libur` */

DROP TABLE IF EXISTS `hari_libur`;

CREATE TABLE `hari_libur` (
  `id` varchar(8) NOT NULL,
  `nama` varchar(128) DEFAULT NULL,
  `keterangan` varchar(255) DEFAULT NULL,
  `tanggal_awal` date DEFAULT NULL,
  `tanggal_akhir` date DEFAULT NULL,
  `tanggal` text DEFAULT NULL,
  `create_datetime` datetime DEFAULT NULL,
  `create_user` varchar(32) DEFAULT NULL,
  `update_datetime` datetime DEFAULT NULL,
  `update_user` varchar(32) DEFAULT NULL,
  PRIMARY KEY (`id`),
  KEY `INDEX` (`id`,`nama`,`tanggal_awal`,`tanggal_akhir`)
) ENGINE=InnoDB DEFAULT CHARSET=latin1;

/*Data for the table `hari_libur` */

insert  into `hari_libur`(`id`,`nama`,`keterangan`,`tanggal_awal`,`tanggal_akhir`,`tanggal`,`create_datetime`,`create_user`,`update_datetime`,`update_user`) values 
('20170401','Wafat Isa Almasih','Wafat Isa Almasih','2017-04-14','2017-04-14','2017-04-14','2017-05-23 16:05:21','198501272010011001','2017-05-23 16:05:21','198501272010011001'),
('20170402','Isra Miraj Nabi Muhammad SAW','Isra Miraj Nabi Muhammad SAW','2017-04-24','2017-04-24','2017-04-24','2017-05-23 16:06:12','198501272010011001','2017-05-23 16:06:12','198501272010011001'),
('20170501','Hari Buruh Internasional','Hari Buruh Internasional','2017-05-01','2017-05-01','2017-05-01','2017-05-21 16:09:33','198501272010011001','2017-05-21 16:09:33','198501272010011001'),
('20170502','Hari Raya Waisak 2561','Hari Raya Waisak 2561','2017-05-11','2017-05-11','2017-05-11','2017-05-21 16:10:30','198501272010011001','2017-05-21 16:10:30','198501272010011001'),
('20170503','Kenaikan Yesus Kristus','Kenaikan Yesus Kristus','2017-05-25','2017-05-25','2017-05-25','2017-05-21 16:13:11','198501272010011001','2017-05-21 16:13:11','198501272010011001'),
('20170601','Hari Lahir Pancasila','','2017-06-01','2017-06-01','2017-06-01','2017-06-01 12:42:03','500156899','2017-06-01 12:42:03','500156899'),
('20170602','Hari Raya Idul Fitri','','2017-06-25','2017-06-26','2017-06-25,2017-06-26','2017-06-01 12:41:21','500156899','2017-06-01 12:41:21','500156899'),
('20170603','Cuti Bersama','Hari Raya Idul Fitri','2017-06-27','2017-06-30','2017-06-27,2017-06-28,2017-06-29,2017-06-30','2017-06-01 12:41:56','500156899','2017-06-01 12:41:56','500156899'),
('20170604','cuti bersama','cuti bersama hari raya idul fitri ','2017-06-23','2017-06-23','2017-06-23','2017-06-22 13:27:42','198501272010011001','2017-06-22 13:27:42','198501272010011001'),
('20170801','Hari Kemerdekaan Republik Indonesia','','2017-08-17','2017-08-17','2017-08-17','2017-06-06 10:43:17','198501272010011001','2017-06-06 10:43:17','198501272010011001'),
('20170901','Hari Raya Idul Adha 1438 Hijriah','','2017-09-01','2017-09-01','2017-09-01','2017-06-06 10:43:47','198501272010011001','2017-06-06 10:43:47','198501272010011001'),
('20170902','Tahun Baru Islam 1439 Hijriah','','2017-09-21','2017-09-21','2017-09-21','2017-06-06 10:44:03','198501272010011001','2017-06-06 10:44:03','198501272010011001'),
('20171201','Maulid Nabi Muhammad SAW','','2017-12-01','2017-12-01','2017-12-01','2017-06-06 10:44:33','198501272010011001','2017-06-06 10:44:33','198501272010011001'),
('20171202','Hari Raya Natal','','2017-12-25','2017-12-25','2017-12-25','2017-06-06 10:45:03','198501272010011001','2017-06-06 10:45:03','198501272010011001'),
('20171203','Cuti Hari Raya Natal','','2017-12-26','2017-12-26','2017-12-26','2017-06-06 10:45:36','198501272010011001','2017-06-06 10:45:36','198501272010011001'),
('20180101','Tahun Baru 2018 Masehi','','2018-01-01','2018-01-01','2018-01-01','2017-11-27 08:54:47','198501272010011001','2017-11-27 08:54:47','198501272010011001'),
('20180201','Tahun Baru IMLEK 2569 Kongzili ','','2018-02-16','2018-02-16','2018-02-16','2018-02-27 11:41:04','196404201985031012','2018-02-27 11:41:04','196404201985031012'),
('20180301','Hari Raya Nyepi Tahun Baru Saka 1940','','2018-03-17','2018-03-17','2018-03-17','2017-11-27 09:03:51','198501272010011001','2017-11-27 09:03:51','198501272010011001'),
('20180302','Wafat Isa Al Masih','','2018-03-30','2018-03-30','2018-03-30','2017-11-27 09:04:25','198501272010011001','2017-11-27 09:04:25','198501272010011001'),
('20180401','Isra\' Mikraj Nabi Muhammad SAW','','2018-04-14','2018-04-14','2018-04-14','2017-11-27 09:05:26','198501272010011001','2017-11-27 09:05:26','198501272010011001'),
('20180501','Hari Buruh Internasional','','2018-05-01','2018-05-01','2018-05-01','2017-11-27 09:06:05','198501272010011001','2017-11-27 09:06:05','198501272010011001'),
('20180502','Kenaikan Isa Al Masih','','2018-05-10','2018-05-10','2018-05-10','2017-11-27 09:06:45','198501272010011001','2017-11-27 09:06:45','198501272010011001'),
('20180503','Hari Raya Waisak 2562','','2018-05-29','2018-05-29','2018-05-29','2017-11-27 09:07:50','198501272010011001','2017-11-27 09:07:50','198501272010011001'),
('20180601','Hari Lahirnya Pancasila','','2018-06-01','2018-06-01','2018-06-01','2017-11-27 09:09:20','198501272010011001','2017-11-27 09:09:20','198501272010011001'),
('20180602','Cuti Bersama & Libur Hari Raya Idul Fitri 1439 H','','2018-06-11','2018-06-20','2018-06-11,2018-06-12,2018-06-13,2018-06-14,2018-06-15,2018-06-16,2018-06-17,2018-06-18,2018-06-19,2018-06-20','2018-05-30 07:48:10','198809022011011004','2018-05-30 07:48:10','198809022011011004'),
('20180603','LIBUR NASIONAL PILKADA ','','2018-06-27','2018-06-27','2018-06-27','2018-06-26 08:42:46','198501272010011001','2018-06-26 08:42:46','198501272010011001'),
('20180604','Libur Nasional PILKADA 2018','','2018-06-27','2018-06-27','2018-06-27','2018-06-26 08:44:14','198501272010011001','2018-06-26 08:44:14','198501272010011001'),
('20180801','Hari Kemerdekaan RI ','','2018-08-17','2018-08-17','2018-08-17','2017-11-27 09:46:47','198501272010011001','2017-11-27 09:46:47','198501272010011001'),
('20180802','Hari Raya Idul Adha 1439 Hijriyah','','2018-08-22','2018-08-22','2018-08-22','2017-11-27 09:47:34','198501272010011001','2017-11-27 09:47:34','198501272010011001'),
('20180901','Tahun Bari Islam 1440 Hijriyah','','2018-09-11','2018-09-11','2018-09-11','2017-11-27 09:50:45','198501272010011001','2017-11-27 09:50:45','198501272010011001'),
('20181101','Maulid Nabi Muhammaad SAW','','2018-11-20','2018-11-20','2018-11-20','2017-11-27 09:52:36','198501272010011001','2017-11-27 09:52:36','198501272010011001'),
('20181201','Cuti Bersama Hari Raya Natal','','2018-12-24','2018-12-24','2018-12-24','2017-11-27 10:41:32','198501272010011001','2017-11-27 10:41:32','198501272010011001'),
('20181202','Hari Raya Natal','','2018-12-25','2018-12-25','2018-12-25','2017-11-27 10:41:36','198501272010011001','2017-11-27 10:41:36','198501272010011001'),
('20190101','Tahun Baru 2019 Masehi','','2019-01-01','2019-01-01','2019-01-01',NULL,NULL,NULL,NULL),
('20190102','Tahun Baru 2019 Masehi','','2019-01-01','2019-01-01','2019-01-01','2018-12-31 09:21:06','198501272010011001','2018-12-31 09:21:06','198501272010011001'),
('20190201','Tahun Baru IMLEK 2570 Kongzili','','2019-02-05','2019-02-05','2019-02-05','2018-12-31 09:36:07','198501272010011001','2018-12-31 09:36:07','198501272010011001'),
('20190301','Hari Raya Nyepi Tahun Baru Saka 1941','','2019-03-07','2019-03-07','2019-03-07','2018-12-31 09:37:15','198501272010011001','2018-12-31 09:37:15','198501272010011001'),
('20190401','Isra Mikraj Nabi Muhammad SAW','','2019-04-03','2019-04-03','2019-04-03','2018-12-31 09:38:12','198501272010011001','2018-12-31 09:38:12','198501272010011001'),
('20190402','Wafat Isa Al Masih','','2019-04-19','2019-04-19','2019-04-19','2018-12-31 09:38:51','198501272010011001','2018-12-31 09:38:51','198501272010011001'),
('20190501','Hari Buruh Internasional','','2019-05-01','2019-05-01','2019-05-01','2018-12-31 09:39:35','198501272010011001','2018-12-31 09:39:35','198501272010011001'),
('20190502','Hari Raya Waisak 2563','','2019-05-19','2019-05-19','2019-05-19','2018-12-31 09:40:10','198501272010011001','2018-12-31 09:40:10','198501272010011001'),
('20190503','Kenaikan Isa Al Masih','','2019-05-30','2019-05-30','2019-05-30','2018-12-31 09:40:35','198501272010011001','2018-12-31 09:40:35','198501272010011001'),
('20190601','Hari Lahir Pancasila','','2019-06-01','2019-06-01','2019-06-01','2018-12-31 09:41:17','198501272010011001','2018-12-31 09:41:17','198501272010011001'),
('20190602','Hari Raya Idul Fitri 1440 H','','2019-06-05','2019-06-06','2019-06-05,2019-06-06','2018-12-31 09:42:19','198501272010011001','2018-12-31 09:42:19','198501272010011001'),
('20190603','Cuti Bersama Hari Raya Idul Fitri 1440 H','','2019-06-03','2019-06-03','2019-06-03','2018-12-31 09:48:33','198501272010011001','2018-12-31 09:48:33','198501272010011001'),
('20190604','Cuti Bersama Hari Raya Idul Fitri 1440 H','','2019-06-04','2019-06-04','2019-06-04','2018-12-31 09:48:40','198501272010011001','2018-12-31 09:48:40','198501272010011001'),
('20190605','Cuti Bersama Hari Raya Idul Fitri 1440 H','','2019-06-07','2019-06-07','2019-06-07','2018-12-31 09:48:47','198501272010011001','2018-12-31 09:48:47','198501272010011001'),
('20190801','Hari Raya Idul Adha 1440 H','','2019-08-11','2019-08-11','2019-08-11','2018-12-31 09:43:27','198501272010011001','2018-12-31 09:43:27','198501272010011001'),
('20190802','Hari Kemerdekaan Republik Indonesia ','','2019-08-17','2019-08-17','2019-08-17','2018-12-31 09:44:04','198501272010011001','2018-12-31 09:44:04','198501272010011001'),
('20190901','Tahun Baru Islam 1441 H','','2019-09-01','2019-09-01','2019-09-01','2018-12-31 09:44:53','198501272010011001','2018-12-31 09:44:53','198501272010011001'),
('20191101','Maulid Nabi Muhammad SAW','','2019-11-09','2019-11-09','2019-11-09','2018-12-31 09:45:47','198501272010011001','2018-12-31 09:45:47','198501272010011001'),
('20191201','Hari Raya Natal','','2019-12-25','2019-12-25','2019-12-25','2018-12-31 09:46:15','198501272010011001','2018-12-31 09:46:15','198501272010011001'),
('20191202','Cuti Bersama Hari Raya Natal','','2019-12-24','2019-12-24','2019-12-24','2018-12-31 09:47:06','198501272010011001','2018-12-31 09:47:06','198501272010011001'),
('20200101','Tahun Baru 2020 Masehi','','2020-01-01','2020-01-01','2020-01-01','2019-12-10 07:12:06','198501272010011001','2019-12-10 07:12:06','198501272010011001'),
('20200102','Tahun Baru Imlek 2571 Kongzili','','2020-01-25','2020-01-25','2020-01-25','2019-12-10 07:12:49','198501272010011001','2019-12-10 07:12:49','198501272010011001'),
('20200301','Isra Mikraj Nabi Muhammad SAW','','2020-03-22','2020-03-22','2020-03-22','2019-12-10 07:13:36','198501272010011001','2019-12-10 07:13:36','198501272010011001'),
('20200302','Hari Raya Nyepi Tahun Baru Saka 1942','','2020-03-25','2020-03-25','2020-03-25','2019-12-10 07:14:06','198501272010011001','2019-12-10 07:14:06','198501272010011001'),
('20200401','Wafat Isa Al Masih','','2020-04-10','2020-04-10','2020-04-10','2019-12-10 07:14:35','198501272010011001','2019-12-10 07:14:35','198501272010011001'),
('20200501','Hari Buruh Internasional','','2020-05-01','2020-05-01','2020-05-01','2019-12-10 07:14:58','198501272010011001','2019-12-10 07:14:58','198501272010011001'),
('20200502','Hari Raya Waisak 2564','','2020-05-07','2020-05-07','2020-05-07','2019-12-10 07:15:31','198501272010011001','2019-12-10 07:15:31','198501272010011001'),
('20200503','Kenaikan Isa Al Masih','','2020-05-21','2020-05-21','2020-05-21','2019-12-10 07:15:56','198501272010011001','2019-12-10 07:15:56','198501272010011001'),
('20200504','Hari Raya Idul Fitri 1441 H','','2020-05-24','2020-05-25','2020-05-24,2020-05-25','2019-12-10 07:17:44','198501272010011001','2019-12-10 07:17:44','198501272010011001'),
('20200601','Hari Lahir Pancasila','','2020-06-01','2020-06-01','2020-06-01','2019-12-10 07:20:50','198501272010011001','2019-12-10 07:20:50','198501272010011001'),
('20200701','Hari Raya Idul Adha 1441 H','','2020-07-31','2020-07-31','2020-07-31','2019-12-10 07:22:11','198501272010011001','2019-12-10 07:22:11','198501272010011001'),
('20200801','Hari Kemerdekaan Republik Indonesia ','','2020-08-17','2020-08-17','2020-08-17','2019-12-10 07:23:07','198501272010011001','2019-12-10 07:23:07','198501272010011001'),
('20200802','Tahun Baru Islam 1442 H','','2020-08-20','2020-08-20','2020-08-20','2019-12-10 07:23:32','198501272010011001','2019-12-10 07:23:32','198501272010011001'),
('20200803','Cuti Bersama Tahun Baru Islam 1442 H','','2020-08-21','2020-08-21','2020-08-21','2020-03-10 06:53:35','198501272010011001','2020-03-10 06:53:35','198501272010011001'),
('20201001','Maulid Nabi Muhammad SAW','','2020-10-29','2020-10-29','2020-10-29','2019-12-10 07:24:12','198501272010011001','2019-12-10 07:24:12','198501272010011001'),
('20201002','Cuti Besama Maulid Nabi Muhammad SAW','','2020-10-30','2020-10-30','2020-10-30','2020-03-10 06:55:05','198501272010011001','2020-03-10 06:55:05','198501272010011001'),
('20201003','Maulid Nabi Muhammad SAW','','2020-10-28','2020-10-28','2020-10-28','2020-04-21 09:52:29','198809022011011004','2020-04-21 09:52:29','198809022011011004'),
('20201201','Hari Raya Natal','','2020-12-25','2020-12-25','2020-12-25','2019-12-10 07:24:36','198501272010011001','2019-12-10 07:24:36','198501272010011001'),
('20201202','Cuti Hari Raya Natal','','2020-12-24','2020-12-24','2020-12-24','2019-12-10 07:25:25','198501272010011001','2019-12-10 07:25:25','198501272010011001'),
('20201204','Hari Libur Nasional Pilkada serentak','','2020-12-09','2020-12-09','2020-12-09','2020-12-04 07:08:40','198501272010011001','2020-12-04 07:08:40','198501272010011001'),
('20201205','Cuti bersama tahun baru','','2020-12-31','2020-12-31','2020-12-31','2020-12-04 07:13:22','198501272010011001','2020-12-04 07:13:22','198501272010011001'),
('20210101','Tahun Baru Masehi','','2021-01-01','2021-01-01','2021-01-01','2020-12-29 19:47:45','198501272010011001','2020-12-29 19:47:45','198501272010011001'),
('20210201','Tahun Baru IMLEK 2572 Kongzili','','2021-02-12','2021-02-12','2021-02-12','2021-02-23 07:54:17','198501272010011001','2021-02-23 07:54:17','198501272010011001'),
('20210301','Isra\' Miraj Nabi Muhammad SAW','','2021-03-11','2021-03-11','2021-03-11','2021-02-23 07:55:35','198501272010011001','2021-02-23 07:55:35','198501272010011001'),
('20210302','Hari Suci Nyepi','','2021-03-14','2021-03-14','2021-03-14','2021-02-23 07:55:53','198501272010011001','2021-02-23 07:55:53','198501272010011001'),
('20210401','Wafat Isa Almasih','','2021-04-02','2021-04-02','2021-04-02','2021-02-23 07:56:15','198501272010011001','2021-02-23 07:56:15','198501272010011001'),
('20210501','Hari Buruh Internasional','','2021-05-01','2021-05-01','2021-05-01','2021-02-23 07:57:01','198501272010011001','2021-02-23 07:57:01','198501272010011001'),
('20210502','Cuti Bersama Hari Raya Idul Fitri 1442 H','','2021-05-12','2021-05-12','2021-05-12','2021-02-23 07:57:48','198501272010011001','2021-02-23 07:57:48','198501272010011001'),
('20210503','Kenaikan Isa Almasih Sekaligus Hari Raya Idul Fitri 1442 H ','','2021-05-13','2021-05-13','2021-05-13','2021-02-23 07:59:12','198501272010011001','2021-02-23 07:59:12','198501272010011001'),
('20210504','Hari Raya Idul Fitri 1442 H','','2021-05-14','2021-05-14','2021-05-14','2021-02-23 07:59:19','198501272010011001','2021-02-23 07:59:19','198501272010011001'),
('20210505','Hari Raya Waisak','','2021-05-26','2021-05-26','2021-05-26','2021-02-23 07:59:52','198501272010011001','2021-02-23 07:59:52','198501272010011001'),
('20210601','Hari Lahir Pancasila','','2021-06-01','2021-06-01','2021-06-01','2021-02-23 08:00:14','198501272010011001','2021-02-23 08:00:14','198501272010011001'),
('20210701','Hari Raya Idul Adha','','2021-07-20','2021-07-20','2021-07-20','2021-02-23 08:00:39','198501272010011001','2021-02-23 08:00:39','198501272010011001'),
('20210801','Tahun Baru Islam 1443 H','','2021-08-10','2021-08-10','2021-08-10','2021-02-23 08:01:49','198501272010011001','2021-02-23 08:01:49','198501272010011001'),
('20210802','Hari Kemerdekaan RI','','2021-08-17','2021-08-17','2021-08-17','2021-02-23 08:02:11','198501272010011001','2021-02-23 08:02:11','198501272010011001'),
('20211001','Maulid Nabi Muhammad SAW','','2021-10-19','2021-10-19','2021-10-19','2021-02-23 08:03:26','198501272010011001','2021-02-23 08:03:26','198501272010011001'),
('20211201','Cuti Bersama Hari Raya Natal','','2021-12-24','2021-12-24','2021-12-24','2021-02-23 08:04:47','198501272010011001','2021-02-23 08:04:47','198501272010011001'),
('20211202','Hari Raya Natal','','2021-12-25','2021-12-25','2021-12-25','2021-02-23 08:04:57','198501272010011001','2021-02-23 08:04:57','198501272010011001');

/*Table structure for table `hari_libur_detail` */

DROP TABLE IF EXISTS `hari_libur_detail`;

CREATE TABLE `hari_libur_detail` (
  `id` varchar(10) NOT NULL,
  `parent_id` varchar(8) DEFAULT NULL,
  `tanggal` date DEFAULT NULL,
  PRIMARY KEY (`id`),
  KEY `INDEX` (`id`,`tanggal`)
) ENGINE=InnoDB DEFAULT CHARSET=latin1;

/*Data for the table `hari_libur_detail` */

insert  into `hari_libur_detail`(`id`,`parent_id`,`tanggal`) values 
('2017040101','20170401','2017-04-14'),
('2017040201','20170402','2017-04-24'),
('2017050101','20170501','2017-05-01'),
('2017050201','20170502','2017-05-11'),
('2017050301','20170503','2017-05-25'),
('2017060101','20170601','2017-06-01'),
('2017060201','20170602','2017-06-25'),
('2017060202','20170602','2017-06-26'),
('2017060301','20170603','2017-06-27'),
('2017060302','20170603','2017-06-28'),
('2017060303','20170603','2017-06-29'),
('2017060304','20170603','2017-06-30'),
('2017060401','20170604','2017-06-23'),
('2017080101','20170801','2017-08-17'),
('2017090101','20170901','2017-09-01'),
('2017090201','20170902','2017-09-21'),
('2017120101','20171201','2017-12-01'),
('2017120201','20171202','2017-12-25'),
('2017120301','20171203','2017-12-26'),
('2018010101','20180101','2018-01-01'),
('2018020101','20180201','2018-02-16'),
('2018030101','20180301','2018-03-17'),
('2018030201','20180302','2018-03-30'),
('2018040101','20180401','2018-04-14'),
('2018050101','20180501','2018-05-01'),
('2018050201','20180502','2018-05-10'),
('2018050301','20180503','2018-05-29'),
('2018060101','20180601','2018-06-01'),
('2018060201','20180602','2018-06-11'),
('2018060202','20180602','2018-06-12'),
('2018060203','20180602','2018-06-13'),
('2018060204','20180602','2018-06-14'),
('2018060205','20180602','2018-06-15'),
('2018060206','20180602','2018-06-16'),
('2018060207','20180602','2018-06-17'),
('2018060208','20180602','2018-06-18'),
('2018060209','20180602','2018-06-19'),
('2018060210','20180602','2018-06-20'),
('2018060301','20180603','2018-06-11'),
('2018060302','20180603','2018-06-12'),
('2018060303','20180603','2018-06-13'),
('2018060304','20180603','2018-06-14'),
('2018060305','20180603','2018-06-15'),
('2018060306','20180603','2018-06-16'),
('2018060307','20180603','2018-06-17'),
('2018060308','20180603','2018-06-18'),
('2018060309','20180603','2018-06-19'),
('2018060310','20180603','2018-06-20'),
('2018060401','20180604','2018-06-27'),
('2018080101','20180801','2018-08-17'),
('2018080201','20180802','2018-08-22'),
('2018090101','20180901','2018-09-11'),
('2018110101','20181101','2018-11-20'),
('2018120101','20181201','2018-12-24'),
('2018120201','20181202','2018-12-25'),
('2019010201','20190102','2019-01-01'),
('2019020101','20190201','2019-02-05'),
('2019030101','20190301','2019-03-07'),
('2019040101','20190401','2019-04-03'),
('2019040201','20190402','2019-04-19'),
('2019050101','20190501','2019-05-01'),
('2019050201','20190502','2019-05-19'),
('2019050301','20190503','2019-05-30'),
('2019060101','20190601','2019-06-01'),
('2019060201','20190602','2019-06-05'),
('2019060202','20190602','2019-06-06'),
('2019060301','20190603','2019-06-03'),
('2019060401','20190604','2019-06-04'),
('2019060501','20190605','2019-06-07'),
('2019080101','20190801','2019-08-11'),
('2019080201','20190802','2019-08-17'),
('2019090101','20190901','2019-09-01'),
('2019110101','20191101','2019-11-09'),
('2019120101','20191201','2019-12-25'),
('2019120201','20191202','2019-12-24'),
('2020010101','20200101','2020-01-01'),
('2020010201','20200102','2020-01-25'),
('2020030101','20200301','2020-03-22'),
('2020030201','20200302','2020-03-25'),
('2020040101','20200401','2020-04-10'),
('2020050101','20200501','2020-05-01'),
('2020050201','20200502','2020-05-07'),
('2020050301','20200503','2020-05-21'),
('2020050401','20200504','2020-05-24'),
('2020050402','20200504','2020-05-25'),
('2020060101','20200601','2020-06-01'),
('2020070101','20200701','2020-07-31'),
('2020080101','20200801','2020-08-17'),
('2020080201','20200802','2020-08-20'),
('2020080301','20200803','2020-08-21'),
('2020100101','20201001','2020-10-29'),
('2020100201','20201002','2020-10-30'),
('2020100301','20201003','2020-10-28'),
('2020120101','20201201','2020-12-25'),
('2020120201','20201202','2020-12-24'),
('2020120401','20201204','2020-12-09'),
('2020120501','20201205','2020-12-31'),
('2021010101','20210101','2021-01-01'),
('2021020101','20210201','2021-02-12'),
('2021030101','20210301','2021-03-11'),
('2021030201','20210302','2021-03-14'),
('2021040101','20210401','2021-04-02'),
('2021050101','20210501','2021-05-01'),
('2021050201','20210502','2021-05-12'),
('2021050301','20210503','2021-05-13'),
('2021050401','20210504','2021-05-14'),
('2021050501','20210505','2021-05-26'),
('2021060101','20210601','2021-06-01'),
('2021070101','20210701','2021-07-20'),
('2021080101','20210801','2021-08-10'),
('2021080201','20210802','2021-08-17'),
('2021100101','20211001','2021-10-19'),
('2021120101','20211201','2021-12-24'),
('2021120201','20211202','2021-12-25');

/*Table structure for table `izin` */

DROP TABLE IF EXISTS `izin`;

CREATE TABLE `izin` (
  `id` varchar(32) NOT NULL,
  `nip` varchar(18) DEFAULT NULL,
  `unit_kerja` varchar(10) DEFAULT NULL,
  `tipe` varchar(8) DEFAULT NULL,
  `deskripsi` text DEFAULT NULL,
  `lampiran` varchar(32) DEFAULT NULL,
  `tanggal_awal` date DEFAULT NULL,
  `tanggal_akhir` date DEFAULT NULL,
  `tanggal` text DEFAULT NULL,
  `create_datetime` datetime DEFAULT NULL,
  `create_user` varchar(18) DEFAULT '',
  `update_datetime` datetime DEFAULT NULL,
  `update_user` varchar(18) DEFAULT '',
  `validation_datetime` datetime DEFAULT NULL,
  `validation_user` varchar(18) DEFAULT '',
  `status` enum('0','1','x') DEFAULT '0' COMMENT '0 = menunggu, 1 = disetujui,x = ditolak',
  `catatan` text DEFAULT NULL,
  `no_surat` varchar(20) DEFAULT NULL,
  PRIMARY KEY (`id`),
  KEY `INDEX` (`nip`,`tipe`,`tanggal_awal`,`tanggal_akhir`,`validation_user`,`status`,`unit_kerja`),
  KEY `UNIT_KERJA` (`unit_kerja`)
) ENGINE=InnoDB DEFAULT CHARSET=latin1;

/*Data for the table `izin` */

insert  into `izin`(`id`,`nip`,`unit_kerja`,`tipe`,`deskripsi`,`lampiran`,`tanggal_awal`,`tanggal_akhir`,`tanggal`,`create_datetime`,`create_user`,`update_datetime`,`update_user`,`validation_datetime`,`validation_user`,`status`,`catatan`,`no_surat`) values 
('198809022011011004_20210701','198809022011011004','B200501000','DL','Dinas Luar Bro',NULL,'2021-07-27','2021-07-30',NULL,'2021-07-27 22:56:06','198809022011011004',NULL,'',NULL,'','0',NULL,NULL),
('198809022011011004_20210702','198809022011011004','B200501000','CAP(U)','ABC',NULL,'2021-07-28','2021-07-31',NULL,'2021-07-28 09:19:47','198809022011011004',NULL,'',NULL,'','0',NULL,NULL);

/*Table structure for table `izin_detail` */

DROP TABLE IF EXISTS `izin_detail`;

CREATE TABLE `izin_detail` (
  `id` varchar(32) NOT NULL,
  `parent_id` varchar(32) DEFAULT NULL,
  `tanggal` date DEFAULT NULL,
  PRIMARY KEY (`id`),
  KEY `INDEX` (`id`,`tanggal`),
  KEY `NewIndex1` (`parent_id`)
) ENGINE=InnoDB DEFAULT CHARSET=latin1;

/*Data for the table `izin_detail` */

insert  into `izin_detail`(`id`,`parent_id`,`tanggal`) values 
('198809022011011004_20210701_01','198809022011011004_20210701','2021-07-27'),
('198809022011011004_20210701_02','198809022011011004_20210701','2021-07-28'),
('198809022011011004_20210701_03','198809022011011004_20210701','2021-07-29'),
('198809022011011004_20210701_04','198809022011011004_20210701','2021-07-30'),
('198809022011011004_20210702_01','198809022011011004_20210702','2021-07-28'),
('198809022011011004_20210702_02','198809022011011004_20210702','2021-07-29'),
('198809022011011004_20210702_03','198809022011011004_20210702','2021-07-30'),
('198809022011011004_20210702_04','198809022011011004_20210702','2021-07-31');

/*Table structure for table `jam_kerja` */

DROP TABLE IF EXISTS `jam_kerja`;

CREATE TABLE `jam_kerja` (
  `id` int(32) NOT NULL AUTO_INCREMENT,
  `nama` varchar(128) DEFAULT NULL,
  `nama_singkat` varchar(16) DEFAULT NULL,
  `deskripsi` varchar(255) DEFAULT NULL,
  `jadwal_masuk` varchar(8) DEFAULT NULL,
  `jadwal_keluar` varchar(8) DEFAULT NULL,
  `jadwal_tengah` varchar(8) DEFAULT NULL,
  `absen_buka` varchar(8) DEFAULT NULL,
  `absen_tutup` varchar(8) DEFAULT NULL,
  `waktu_kerja` int(4) DEFAULT NULL,
  `waktu_tengah` int(4) DEFAULT NULL,
  `selisih_hari` enum('1','0') DEFAULT '0',
  `create_user` varchar(32) DEFAULT NULL,
  `create_datetime` datetime DEFAULT NULL,
  `update_user` varchar(32) DEFAULT NULL,
  `update_datetime` datetime DEFAULT NULL,
  `status` enum('0','1') DEFAULT '1',
  `skpd` varchar(100) DEFAULT NULL,
  PRIMARY KEY (`id`),
  KEY `INDEX` (`nama`,`jadwal_masuk`,`jadwal_keluar`,`jadwal_tengah`,`selisih_hari`,`waktu_kerja`,`waktu_tengah`,`status`,`deskripsi`,`nama_singkat`,`absen_buka`,`absen_tutup`)
) ENGINE=InnoDB AUTO_INCREMENT=480 DEFAULT CHARSET=latin1;

/*Data for the table `jam_kerja` */

insert  into `jam_kerja`(`id`,`nama`,`nama_singkat`,`deskripsi`,`jadwal_masuk`,`jadwal_keluar`,`jadwal_tengah`,`absen_buka`,`absen_tutup`,`waktu_kerja`,`waktu_tengah`,`selisih_hari`,`create_user`,`create_datetime`,`update_user`,`update_datetime`,`status`,`skpd`) values 
(1,'Libur','OFF','Libur','00:00','00:00','00:00','00:00','00:00',0,0,'0','198501272010011001','2017-05-21 17:50:57','198501272010011001','2017-05-21 17:50:57','1',''),
(2,'Libur Hari Besar','HB','Libur Hari Besar','00:00','00:00','00:00','00:00','00:00',0,0,'0','198501272010011001','2017-05-21 17:51:24','198501272010011001','2017-05-21 17:51:24','1',''),
(3,'Reguler 1','RG1','Reguler Hari Senin - Kamis ( Termasuk SMA/SMK/SLB / OPD yang menganut 5 Hari Kerja )','07:01','15:30','11:15','04:00','22:30',510,255,'0','198501272010011001','2017-12-13 16:30:52','198501272010011001','2017-12-13 16:30:52','1',''),
(4,'Puasa 1','PS1','Puasa Hari Senin - Kamis','08:00','15:00','11:30','05:00','22:00',420,210,'0','198501272010011001','2017-05-29 08:28:11','198501272010011001','2017-05-29 08:28:11','1',''),
(5,'Puasa 2','PS2','Puasa Hari Jum\'at','08:00','15:30','11:45','05:00','22:30',450,225,'0','198501272010011001','2017-05-29 08:27:11','198501272010011001','2017-05-29 08:27:11','1',''),
(6,'Reguler 2','RG2','Reguler Hari Jum\'at ( Termasuk SMA/SMK/SLB / OPD yang menganut 5 Hari Kerja )','07:01','16:00','11:30','04:00','23:30',540,270,'0','198501272010011001','2017-12-13 16:30:59','198501272010011001','2017-12-13 16:30:59','1',''),
(7,'Sekolah 6 Hari Kerja A','SKL6A','Sekolah 6 Hari Kerja Hari Senin - Selasa','07:00','14:15','10:37','05:00','20:15',435,217,'0','500156899','2017-07-18 10:48:33','500156899','2017-07-18 10:48:33','1',''),
(8,'Sekolah 6 Hari Kerja B','SKL6B','Sekolah 6 Hari Kerja Hari Rabu, Kamis, Sabtu','07:00','13:45','10:22','05:00','21:45',405,202,'0','500156899','2017-07-18 10:49:09','500156899','2017-07-18 10:49:09','1',''),
(9,'Sekolah 6 Hari Kerja C','SKL6C','Sekolah 6 Hari Kerja Hari Jum\'at','07:00','11:00','09:00','05:00','19:00',240,120,'0','198501272010011001','2019-09-26 15:41:45','198501272010011001','2019-09-26 15:41:45','1',''),
(10,'Sekolah 5 Hari Kerja A','SKL5A','Sekolah 5 Hari Kerja Senin - Jumat','06:30','15:00','10:45','04:00','22:30',510,255,'0','500156899','2017-08-15 10:13:09','500156899','2017-08-15 10:13:09','1',''),
(11,'Penjaga Sekolah 1','SKLPJ 1','Penjaga Sekolah ','20:00','05:00','23:30','17:00','12:00',540,270,'1','198501272010011001','2017-09-27 10:16:17','198501272010011001','2017-09-27 10:16:17','1','D0'),
(12,'Penjaga Sift 1','PJ_DALDUKKB_1','Penjaga Piket DPPPA DALDUK KB','06:00','14:00','10:00','03:00','21:00',480,240,'0','198809022011011004','2017-11-13 09:40:09','198809022011011004','2017-11-13 09:40:09','1',''),
(13,'Penjaga Sift 2','PJ_DALDUKKB_2','Penjaga Piket DPPPA DALDUK KB','14:00','22:00','18:00','11:00','24:00',480,240,'0','198809022011011004','2017-11-13 09:40:03','198809022011011004','2017-11-13 09:40:03','1',''),
(14,'Penjaga Sift 3','PJ_DALDUKKB_3','Penjaga Piket DPPPA DALDUK KB','22:00','06:00','23:30','19:00','13:00',480,240,'1','198809022011011004','2017-11-13 09:40:19','198809022011011004','2017-11-13 09:40:19','1',''),
(15,'Sekolah 6 Hari Kerja D','SKL6D','Sekolah 6 Hari Kerja SENIN - KAMIS ','06:30','14:00','10:15','02:30','21:00',450,225,'0','500156899','2017-08-14 16:30:59','500156899','2017-08-14 16:30:59','1',''),
(16,'Sekolah 6 Hari Kerja E','SKL6E','Sekolah 6 Hari Kerja HARI JUMAT DAN SABTU','06:30','11:15','08:52','02:30','19:00',285,142,'0','198501272010011001','2017-09-08 16:56:07','198501272010011001','2017-09-08 16:56:07','1',''),
(17,'Penjaga Sift 4','PJ4','Penjaga Malam ','19:00','05:00','23:30','17:00','12:00',600,300,'1','198501272010011001','2017-11-06 10:25:22','198501272010011001','2017-11-06 10:25:22','1',''),
(18,'Sekolah 6 Hari Kerja F','SKL6F','Sekolah 6 Hari Kerja Hari Senin, Selasa, Rabu, Kam','07:00','13:35','10:17','05:00','21:00',395,197,'0','198501272010011001','2017-09-08 16:56:28','198501272010011001','2017-09-08 16:56:28','1',''),
(19,'Sekolah 6 Hari Kerja G','SKL6G ','Sekolah 6 Hari Kerja Hari Jumat','07:00','11:15','09:07','05:00','17:45',255,127,'0','198501272010011001','2017-09-08 16:59:03','198501272010011001','2017-09-08 16:59:03','1',''),
(20,'Badan Penghubung Darmawangsa dan samarinda 1 ','BP 1','5 Hari kerja senin s/d kamis','08:00','16:15','12:07','05:00','23:15',495,247,'0','198501272010011001','2017-10-20 08:39:03','198501272010011001','2017-10-20 08:39:03','1','C1'),
(21,'Badan Penghubung Darmawangsa dan samarinda 2 ','BP 2','5 hari kerja hari jumat','08:00','15:30','11:45','05:00','22:30',450,225,'0','198501272010011001','2017-10-20 08:40:10','198501272010011001','2017-10-20 08:40:10','1','C1'),
(22,'Badan Penghubung Darmawangsa dan samarinda 3 ','BP 3','sift pagi petugas keamanan','08:00','20:00','14:00','05:00','24:00',720,360,'0','198501272010011001','2017-10-20 08:42:15','198501272010011001','2017-10-20 08:42:15','1','C1'),
(23,'Badan Penghubung Darmawangsa dan samarinda 4','BP 4','sift malam petugas keamanan','20:00','08:00','23:00','18:00','10:00',720,360,'1','198501272010011001','2017-10-20 08:43:37','198501272010011001','2017-10-20 08:43:37','1','C1'),
(24,'Badan Penghubung TMII  ','BP 5 ','6 Hari kerja selasa s/d minggu','08:00','16:00','12:00','05:00','23:00',480,240,'0','198501272010011001','2017-10-20 08:45:02','198501272010011001','2017-10-20 08:45:02','1','C1'),
(25,'Badan Penghubung TMII  ','BP 6','6 Hari kerja JUMAT','08:00','16:30','12:15','05:00','23:30',510,255,'0','198501272010011001','2017-10-20 08:46:10','198501272010011001','2017-10-20 08:46:10','1','C1'),
(26,'Sekolah 6 Hari kerja 1','SKL6H1','Hari Senin - Hari Kamis','07:00','14:30','10:45','04:00','21:30',450,225,'0','198501272010011001','2018-01-12 11:59:08','198501272010011001','2018-01-12 11:59:08','1','D0'),
(27,'Sekolah 6 Hari kerja 2','SKL6H2','Hari Jum\'at','07:00','11:00','09:00','04:00','18:00',240,120,'0','198501272010011001','2017-10-28 14:14:59','198501272010011001','2017-10-28 14:14:59','1','D0'),
(28,'Sekolah 6 Hari Kerja 3','SKL6H3','Hari Sabtu','07:00','14:30','10:45','04:00','22:00',450,225,'0','198501272010011001','2018-01-12 11:59:58','198501272010011001','2018-01-12 11:59:58','1','D0'),
(29,'PKD Sift 1','PKD 1','PKD Sift 1','06:00','18:00','12:00','03:00','24:00',720,360,'0','198501272010011001','2017-11-14 11:55:44','198501272010011001','2017-11-14 11:55:44','1',''),
(30,'PKD Sift 2','PKD 2','PKD Sift 2','18:00','06:00','23:00','15:00','13:00',720,360,'1','198501272010011001','2017-11-14 11:41:47','198501272010011001','2017-11-14 11:41:47','1',''),
(31,'Penjaga Shift 1','1_DISTANBUN','Penjaga Shift 1 DISTANBUN','07:00','15:00','11:00','04:00','22:00',480,240,'0','198809022011011004','2017-11-13 09:44:55','198809022011011004','2017-11-13 09:44:55','1','E3'),
(32,'Penjaga Shift 2','2_DISTANBUN','Penjaga Shift 2 DISTANBUN','15:00','23:00','19:00','13:00','24:00',480,240,'0','198501272010011001','2017-12-06 16:03:34','198501272010011001','2017-12-06 16:03:34','1','E3'),
(33,'Penjaga Shift 3','3_DISTANBUN','Penjaga Shift 3 DISTANBUN','23:00','07:00','23:00','20:00','13:00',480,240,'1','198501272010011001','2017-12-11 12:53:19','198501272010011001','2017-12-11 12:53:19','1','E3'),
(34,'Penjaga Malam Sift Pagi','PJ (5)','Penjaga Malam Sift Pagi Satpol PP','07:00','19:00','13:00','04:00','24:00',720,360,'0','198501272010011001','2017-12-05 15:35:45','198501272010011001','2017-12-05 15:35:45','1',''),
(35,'Penjaga Malam Sift malam','PJ (6)','Penjaga Malam Sift malam Satpol PP','19:00','07:00','23:30','16:00','14:00',720,360,'1','198501272010011001','2017-12-05 15:36:49','198501272010011001','2017-12-05 15:36:49','1',''),
(36,'BIRO UMUM SHIFT PAGI','BU_SHIFT 1','SHIFT PAGI','06:30','14:30','10:30','03:30','21:30',480,240,'0','198501272010011001','2017-12-11 15:32:52','198501272010011001','2017-12-11 15:32:52','1','A2'),
(37,'BIRO UMUM SHIFT SIANG','BU_SHIFT 2','SHIFT SIANG','14:30','21:30','18:00','11:30','24:00',420,210,'0','198501272010011001','2017-12-06 16:00:59','198501272010011001','2017-12-06 16:00:59','1','A2'),
(38,'BIRO UMUM SHIFT MALAM','BU_SHIFT 3','SHIFT MALAM','21:30','06:30','23:30','18:30','13:30',540,270,'1','198809022011011004','2017-12-06 08:37:08','198809022011011004','2017-12-06 08:37:08','1','A2'),
(39,'RS 1','RS 1','JAM KERJA RUMAH SAKIT 1','07:00','14:00','10:30','04:00','17:00',420,210,'0','198501272010011001','2017-12-15 09:34:53','198501272010011001','2017-12-15 09:34:53','1','D1;80;81;82;83;84;85;86'),
(40,'RS 2','RS 2','JAM KERJA RUMAH SAKIT 2','07:00','11:00','09:00','04:00','16:00',240,120,'0','198501272010011001','2017-12-15 09:35:19','198501272010011001','2017-12-15 09:35:19','1','D1;80;81;82;83;84;85;86'),
(41,'RS 3','RS 3','JAM KERJA RUMAH SAKIT 3','07:00','12:30','09:45','04:00','17:30',330,165,'0','198501272010011001','2017-12-15 09:37:11','198501272010011001','2017-12-15 09:37:11','1','D1;80;81;82;83;84;85;86'),
(42,'RS 4','RS 4','JAM KERJA RUMAH SAKIT 4','14:00','21:00','17:30','11:00','23:00',420,210,'0','198501272010011001','2017-12-15 09:39:16','198501272010011001','2017-12-15 09:39:16','1','80;81;82;83;84;85;86'),
(43,'RS 5','RS 5','JAM KERJA RUMAH SAKIT 5','21:00','07:00','23:00','18:00','10:00',600,300,'1','198501272010011001','2017-12-06 14:32:02','198501272010011001','2017-12-06 14:32:02','1','80;81;82;83;84;85;86'),
(44,'RS 6','RS 6','JAM KERJA RUMAH SAKIT 6','05:30','12:30','09:00','02:30','15:30',420,210,'0','198501272010011001','2017-12-06 14:35:15','198501272010011001','2017-12-06 14:35:15','1','80;81;82;83;84;85;86'),
(45,'RS 7','RS 7','JAM KERJA RUMAH SAKIT 7','11:00','18:00','14:30','08:00','21:00',420,210,'0','198501272010011001','2017-12-06 14:37:40','198501272010011001','2017-12-06 14:37:40','1','80;81;82;83;84;85;86'),
(46,'RS 8','RS 8','JAM KERJA RUMAH SAKIT 8','06:00','13:00','09:30','03:00','16:00',420,210,'0','198501272010011001','2017-12-06 14:39:17','198501272010011001','2017-12-06 14:39:17','1','80;81;82;83;84;85;86'),
(47,'RS 9','RS 9','JAM KERJA RUMAH SAKIT 9','04:00','11:00','07:30','01:00','14:00',420,210,'0','198501272010011001','2017-12-06 14:40:42','198501272010011001','2017-12-06 14:40:42','1','80;81;82;83;84;85;86'),
(48,'RS 10','RS 10','JAM KERJA RUMAH SAKIT 10','04:00','09:00','06:30','01:00','12:00',300,150,'0','198501272010011001','2017-12-06 14:42:25','198501272010011001','2017-12-06 14:42:25','1','80;81;82;83;84;85;86'),
(49,'RS 11','RS 11','JAM KERJA RUMAH SAKIT 11','09:00','17:00','13:00','06:00','20:00',480,240,'0','198501272010011001','2017-12-06 14:44:21','198501272010011001','2017-12-06 14:44:21','1','80;81;82;83;84;85;86'),
(50,'RS 12','RS 12','JAM KERJA RUMAH SAKIT 12','06:00','14:00','10:00','03:00','17:00',480,240,'0','198501272010011001','2017-12-06 14:45:55','198501272010011001','2017-12-06 14:45:55','1','80;81;82;83;84;85;86'),
(51,'RS 13','RS 13','JAM KERJA RUMAH SAKIT 13','13:00','19:00','16:00','10:00','22:00',360,180,'0','198501272010011001','2017-12-06 14:47:36','198501272010011001','2017-12-06 14:47:36','1','80;81;82;83;84;85;86'),
(52,'RS 14','RS 14','JAM KERJA RUMAH SAKIT 14','07:00','13:00','10:00','04:00','16:00',360,180,'0','198501272010011001','2017-12-06 16:09:06','198501272010011001','2017-12-06 16:09:06','1','80;81;82;83;84;85;86'),
(53,'RS 15','RS 15','JAM KERJA RUMAH SAKIT 15','10:00','17:00','13:30','07:00','20:00',420,210,'0','198501272010011001','2017-12-06 16:10:39','198501272010011001','2017-12-06 16:10:39','1','80;81;82;83;84;85;86'),
(54,'RS 16','RS 16','JAM KERJA RUMAH SAKIT 16','13:00','19:30','16:15','10:00','22:00',390,195,'0','198501272010011001','2017-12-06 16:11:54','198501272010011001','2017-12-06 16:11:54','1','80;81;82;83;84;85;86'),
(55,'RS 17','RS 17','JAM KERJA RUMAH SAKIT 17','09:00','16:00','12:30','06:00','19:00',420,210,'0','198501272010011001','2017-12-06 16:13:48','198501272010011001','2017-12-06 16:13:48','1','80;81;82;83;84;85;86'),
(56,'RS 18','RS 18','JAM KERJA RUMAH SAKIT 18','13:00','20:00','16:30','10:00','23:00',420,210,'0','198501272010011001','2017-12-06 16:14:38','198501272010011001','2017-12-06 16:14:38','1','80;81;82;83;84;85;86'),
(57,'RS 19','RS 19','JAM KERJA RUMAH SAKIT 19','14:00','20:00','17:00','11:00','23:00',360,180,'0','198501272010011001','2017-12-06 16:15:54','198501272010011001','2017-12-06 16:15:54','1','80;81;82;83;84;85;86'),
(58,'RS 20','RS 20','JAM KERJA RUMAH SAKIT 20','20:00','07:00','23:30','17:00','10:00',660,330,'1','198501272010011001','2017-12-06 16:16:51','198501272010011001','2017-12-06 16:16:51','1','80;81;82;83;84;85;86'),
(59,'RS 21','RS 21','JAM KERJA RUMAH SAKIT 21','09:00','18:00','13:30','06:00','21:00',540,270,'0','198501272010011001','2017-12-15 09:31:25','198501272010011001','2017-12-15 09:31:25','1','80;81;82;83;84;85;86'),
(60,'RS 22','RS 22','JAM KERJA RUMAH SAKIT 22','09:00','14:00','11:30','06:00','17:00',300,150,'0','198501272010011001','2017-12-06 16:19:48','198501272010011001','2017-12-06 16:19:48','1','80;81;82;83;84;85;86'),
(61,'RS 23','RS 23','JAM KERJA RUMAH SAKIT 23','09:00','15:00','12:00','06:00','18:00',360,180,'0','198501272010011001','2017-12-06 16:21:00','198501272010011001','2017-12-06 16:21:00','1','80;81;82;83;84;85;86'),
(62,'RS 24','RS 24','JAM KERJA RUMAH SAKIT 24','10:00','17:00','13:30','07:00','20:00',420,210,'0','198501272010011001','2017-12-06 16:22:52','198501272010011001','2017-12-06 16:22:52','1','80;81;82;83;84;85;86'),
(63,'RS 25','RS 25','JAM KERJA RUMAH SAKIT 25','11:00','15:00','13:00','08:00','18:00',240,120,'0','198501272010011001','2017-12-06 16:24:09','198501272010011001','2017-12-06 16:24:09','1','80;81;82;83;84;85;86'),
(64,'RS 26','RS 26','JAM KERJA RUMAH SAKIT 26','10:00','16:00','13:00','07:00','19:00',360,180,'0','198501272010011001','2017-12-06 16:27:04','198501272010011001','2017-12-06 16:27:04','1','80;81;82;83;84;85;86'),
(65,'RS 27','RS 27','JAM KERJA RUMAH SAKIT 27','12:00','19:00','15:30','09:00','22:00',420,210,'0','198501272010011001','2017-12-06 16:30:20','198501272010011001','2017-12-06 16:30:20','1','80;81;82;83;84;85;86'),
(66,'RS 28','RS 28','JAM KERJA RUMAH SAKIT 28','06:00','13:00','09:30','03:00','16:00',420,210,'0','198501272010011001','2017-12-06 16:32:40','198501272010011001','2017-12-06 16:32:40','1','80;81;82;83;84;85;86'),
(67,'TU GUBERNUR 1  ','TU_GUB1','TU GUBERNUR 1  ','08:00','21:00','14:30','05:00','24:00',780,390,'0','198501272010011001','2017-12-11 15:28:00','198501272010011001','2017-12-11 15:28:00','1','A2'),
(68,'TU WAGUB 1  ','TU_WAGUB1','TU WAKIL GUBERNUR 1  ','07:00','19:00','13:00','04:00','24:00',720,360,'0','198501272010011001','2017-12-11 15:29:14','198501272010011001','2017-12-11 15:29:14','1','A2'),
(69,'TU WAGUB 2  ','TU_WAGUB2  ','TU WAKIL GUBERNUR 2  ','15:30','07:00','23:15','12:30','14:00',930,465,'1','198501272010011001','2017-12-11 15:31:06','198501272010011001','2017-12-11 15:31:06','1','A2'),
(70,'BIRO UMUM SHIFT 4','BU_SHIFT 4','BIRO UMUM SHIFT 4','14:30','22:00','18:15','11:30','24:00',450,225,'0','198501272010011001','2017-12-11 15:35:25','198501272010011001','2017-12-11 15:35:25','1','A2'),
(71,'BIRO UMUM SHIFT 5','BU_SHIFT 5','BIRO UMUM SHIFT 5','22:00','07:00','23:30','19:00','14:00',540,270,'1','198501272010011001','2017-12-11 15:36:23','198501272010011001','2017-12-11 15:36:23','1','A2'),
(72,'KPU REGULER 1','KPU1','KPU REGULER 1','07:30','16:00','11:45','04:30','23:00',510,255,'0','198809022011011004','2017-12-13 10:13:23','198809022011011004','2017-12-13 10:13:23','1',''),
(73,'KPU REGULER 2','KPU2','KPU REGULER 2','07:30','16:30','12:00','04:30','23:30',540,270,'0','198809022011011004','2017-12-13 10:14:01','198809022011011004','2017-12-13 10:14:01','1',''),
(74,'SLBYPAC  SEMARANG 5 HARI KERJA','SLBYPAC 1','SLBYPAC  SEMARANG 5 HARI KERJA (SENIN - KAMIS)','10:00','18:30','14:15','07:00','24:00',510,255,'0','198501272010011001','2017-12-13 16:29:25','198501272010011001','2017-12-13 16:29:25','1','D0'),
(75,'SLBYPAC  SEMARANG 5 HARI KERJA','SLBYPAC 2','SLBYPAC  SEMARANG 5 HARI KERJA (JUMAT)','10:00','17:00','13:30','07:00','24:00',420,210,'0','197612112005021003','2020-02-12 15:07:10','197612112005021003','2020-02-12 15:07:10','1','D0'),
(76,'RS 29','RS 29','JAM KERJA RUMAH SAKIT 29','07:00','16:00','11:30','04:00','19:00',540,270,'0','198501272010011001','2017-12-15 16:20:51','198501272010011001','2017-12-15 16:20:51','1','80;81;82;83;84;85;86'),
(77,'RS 30','RS 30','JAM KERJA RUMAH SAKIT 30','06:00','15:00','10:30','03:00','18:00',540,270,'0','198501272010011001','2017-12-15 16:22:11','198501272010011001','2017-12-15 16:22:11','1','80;81;82;83;84;85;86'),
(78,'RS 31','RS 31','JAM KERJA RUMAH SAKIT 31','07:00','11:30','09:15','04:00','14:30',270,135,'0','198501272010011001','2017-12-27 10:38:46','198501272010011001','2017-12-27 10:38:46','1','80;81;82;83;84;85;86'),
(79,'RS 32','RS 32','JAM KERJA RUMAH SAKIT 32','07:00','12:00','09:30','04:00','15:00',300,150,'0','198501272010011001','2017-12-27 10:40:06','198501272010011001','2017-12-27 10:40:06','1','80;81;82;83;84;85;86'),
(80,'RS 33','RS 33','JAM KERJA RUMAH SAKIT 33','07:00','13:30','10:15','04:00','16:30',390,195,'0','198501272010011001','2017-12-27 10:41:15','198501272010011001','2017-12-27 10:41:15','1','80;81;82;83;84;85;86'),
(81,'RS 34','RS 34','JAM KERJA RUMAH SAKIT 34','13:30','20:30','17:00','10:30','23:00',420,210,'0','198501272010011001','2017-12-27 10:42:24','198501272010011001','2017-12-27 10:42:24','1','80;81;82;83;84;85;86'),
(82,'RS 35','RS 35','JAM KERJA RUMAH SAKIT 35','20:30','07:00','23:30','18:30','10:00',630,315,'1','198501272010011001','2017-12-27 10:44:46','198501272010011001','2017-12-27 10:44:46','1','80;81;82;83;84;85;86'),
(83,'RS 36','RS 36','JAM KERJA RUMAH SAKIT 36','20:30','06:30','23:30','17:30','09:30',600,300,'1','198501272010011001','2017-12-27 10:47:13','198501272010011001','2017-12-27 10:47:13','1','80;81;82;83;84;85;86'),
(84,'RS 37','RS 37','JAM KERJA RUMAH SAKIT 37','09:00','16:00','12:30','06:00','19:00',420,210,'0','198501272010011001','2017-12-27 10:49:10','198501272010011001','2017-12-27 10:49:10','1','80;81;82;83;84;85;86'),
(85,'RS 38','RS 38','JAM KERJA RUMAH SAKIT 38','05:00','12:00','08:30','02:00','15:00',420,210,'0','198501272010011001','2017-12-27 11:03:18','198501272010011001','2017-12-27 11:03:18','1','80;81;82;83;84;85;86'),
(86,'RS 39','RS 39','JAM KERJA RUMAH SAKIT 39','05:30','12:30','09:00','02:30','15:30',420,210,'0','198501272010011001','2017-12-27 11:04:42','198501272010011001','2017-12-27 11:04:42','1','80;81;82;83;84;85;86'),
(87,'RS 40','RS 40','JAM KERJA RUMAH SAKIT 40','11:30','18:30','15:00','08:30','21:00',420,210,'0','198501272010011001','2017-12-27 11:07:50','198501272010011001','2017-12-27 11:07:50','1','80;81;82;83;84;85;86'),
(88,'RS 41','RS 41','JAM KERJA RUMAH SAKIT 41','13:30','20:00','16:45','10:30','23:00',390,195,'0','198501272010011001','2017-12-27 11:09:17','198501272010011001','2017-12-27 11:09:17','1','80;81;82;83;84;85;86'),
(89,'RS 42','RS 42','JAM KERJA RUMAH SAKIT 42','20:30','06:30','23:30','17:30','09:30',600,300,'1','198501272010011001','2017-12-27 11:10:17','198501272010011001','2017-12-27 11:10:17','1','80;81;82;83;84;85;86'),
(90,'RS 43','RS 43','JAM KERJA RUMAH SAKIT 43','11:00','18:00','14:30','08:00','21:00',420,210,'0','198501272010011001','2017-12-27 11:11:36','198501272010011001','2017-12-27 11:11:36','1','80;81;82;83;84;85;86'),
(91,'DKP 1','DKP 1','DINAS KELAUTAN DAN PERIKANAN 1 ','07:00','14:30','10:45','04:00','21:30',450,225,'0','198501272010011001','2017-12-27 11:39:28','198501272010011001','2017-12-27 11:39:28','1','E6;80;81;82;83;84;85;86'),
(92,'DKP 2','DKP 2','DINAS KELAUTAN DAN PERIKANAN 2','07:00','12:00','09:30','04:00','19:00',300,150,'0','198501272010011001','2017-12-27 11:40:26','198501272010011001','2017-12-27 11:40:26','1','E6'),
(93,'DKP 3','DKP 3','DINAS KELAUTAN DAN PERIKANAN 3','06:00','15:00','10:30','03:00','22:00',540,270,'0','198501272010011001','2017-12-27 11:53:28','198501272010011001','2017-12-27 11:53:28','1','E6'),
(94,'DKP 4','DKP 4','DINAS KELAUTAN DAN PERIKANAN 4','08:00','14:00','11:00','05:00','21:00',360,180,'0','198501272010011001','2017-12-27 11:56:28','198501272010011001','2017-12-27 11:56:28','1','E6'),
(95,'DISHUB1','DISHUB1','DINAS PERHUBUNGAN 1','12:00','17:30','14:45','09:00','24:00',330,165,'0','198501272010011001','2017-12-27 12:14:37','198501272010011001','2017-12-27 12:14:37','1','D9'),
(96,'DISHUB2','DISHUB2','DINAS PERHUBUNGAN 2','06:00','12:00','09:00','03:00','19:00',360,180,'0','198501272010011001','2017-12-27 12:21:32','198501272010011001','2017-12-27 12:21:32','1','D9'),
(97,'DISHUB3','DISHUB3','DINAS PERHUBUNGAN 3','06:30','16:30','11:30','03:30','23:30',600,300,'0','198501272010011001','2017-12-27 12:23:40','198501272010011001','2017-12-27 12:23:40','1','D9'),
(98,'DISHUB4','DISHUB4','DINAS PERHUBUNGAN 4','06:30','12:30','09:30','04:00','19:30',360,180,'0','198501272010011001','2017-12-27 12:26:17','198501272010011001','2017-12-27 12:26:17','1','D9'),
(99,'DISHUB5','DISHUB5','DINAS PERHUBUNGAN 5','11:30','18:00','14:45','08:30','24:00',390,195,'0','198501272010011001','2017-12-27 12:27:40','198501272010011001','2017-12-27 12:27:40','1','D9'),
(100,'DISHUB6','DISHUB6','DINAS PERHUBUNGAN 6','15:00','23:00','19:00','12:00','24:00',480,240,'0','198501272010011001','2017-12-27 12:31:31','198501272010011001','2017-12-27 12:31:31','1','D9'),
(101,'DSIHUB7','DISHUB7','DINAS PERHUBUNGAN 7','23:00','07:00','23:30','20:00','14:00',480,240,'1','198501272010011001','2017-12-27 12:34:20','198501272010011001','2017-12-27 12:34:20','1','D9'),
(102,'DISHUB8','DISHUB8','DINAS PERHUBUNGAN 8','07:00','15:00','11:00','03:00','21:00',480,240,'0','197608112000031005','2018-01-23 10:43:14','197608112000031005','2018-01-23 10:43:14','1','D9'),
(103,'DISHUB9','DISHUB9','DINAS PERHUBUNGAN 9','12:00','17:00','14:30','09:00','24:00',300,150,'0','198501272010011001','2017-12-27 12:38:45','198501272010011001','2017-12-27 12:38:45','1','D9'),
(104,'DISHUB10','DISHUB10','DINAS PERHUBUNGAN 10','06:00','18:00','12:00','03:00','24:00',720,360,'0','198501272010011001','2017-12-27 13:22:42','198501272010011001','2017-12-27 13:22:42','1','D9'),
(105,'DISHUB11','DISHUB11','DINAS PERHUBUNGAN 11','06:00','15:30','10:45','03:00','22:00',570,285,'0','198501272010011001','2017-12-27 12:42:25','198501272010011001','2017-12-27 12:42:25','1','D9'),
(106,'DISHUB12','DISHUB12','DINAS PERHUBUNGAN 12','07:30','15:30','11:30','04:30','22:30',480,240,'0','198501272010011001','2017-12-27 12:43:32','198501272010011001','2017-12-27 12:43:32','1','D9'),
(107,'DISHUB14','DISHUB14','DINAS PERHUBUNGAN 14','18:00','06:00','23:30','15:00','13:00',720,360,'1','198501272010011001','2017-12-27 12:50:44','198501272010011001','2017-12-27 12:50:44','1','D9'),
(108,'RS 44','RS 44','JAM KERJA RUMAH SAKIT 44','05:00','13:00','09:00','02:00','16:00',480,240,'0','198501272010011001','2017-12-27 13:11:56','198501272010011001','2017-12-27 13:11:56','1','80;81;82;83;84;85;86'),
(109,'RS 45','RS 45','JAM KERJA RUMAH SAKIT 45','06:30','14:00','10:15','03:30','17:00',450,225,'0','198501272010011001','2017-12-27 13:30:46','198501272010011001','2017-12-27 13:30:46','1','80;81;82;83;84;85;86'),
(110,'RS 46','RS 46','JAM KERJA RUMAH SAKIT 46','10:00','15:00','12:30','07:00','18:00',300,150,'0','198501272010011001','2017-12-27 13:31:57','198501272010011001','2017-12-27 13:31:57','1','80;81;82;83;84;85;86'),
(111,'RS 47','RS 47','JAM KERJA RUMAH SAKIT 47','13:00','17:00','15:00','10:00','20:00',240,120,'0','198501272010011001','2017-12-27 13:34:12','198501272010011001','2017-12-27 13:34:12','1','80;81;82;83;84;85;86'),
(112,'RS 48','RS 48','JAM KERJA RUMAH SAKIT 48','04:30','11:30','08:00','01:30','14:30',420,210,'0','198501272010011001','2017-12-27 15:02:06','198501272010011001','2017-12-27 15:02:06','1','80;81;82;83;84;85;86'),
(113,'RS 49','RS 49','JAM KERJA RUMAH SAKIT 49','12:00','19:00','15:30','11:00','22:00',420,210,'0','198501272010011001','2017-12-27 15:16:46','198501272010011001','2017-12-27 15:16:46','1','80;81;82;83;84;85;86'),
(114,'BPPD 1','BPPD 1','BPPD SAMSAT INDUK 6 HARI KERJA SABTU','08:00','13:00','10:30','05:00','20:00',300,150,'0','198501272010011001','2017-12-27 15:22:03','198501272010011001','2017-12-27 15:22:03','1','B4'),
(115,'BPPD 2','BPPD 2','BPPD SAMSAT MALAM DAN SAMSAT KELILING MALAM','13:00','20:30','16:45','10:00','24:00',450,225,'0','198501272010011001','2017-12-27 15:26:41','198501272010011001','2017-12-27 15:26:41','1','B4'),
(116,'BINA MARGA 1','BM 1','BINA MARGA 1','15:30','23:30','19:30','12:30','24:00',480,240,'0','198501272010011001','2017-12-28 07:52:14','198501272010011001','2017-12-28 07:52:14','1','D2'),
(117,'BINA MARGA 2','BM 2','BINA MARGA 2','23:30','07:00','23:30','20:30','14:00',450,225,'1','198501272010011001','2017-12-28 08:08:37','198501272010011001','2017-12-28 08:08:37','1','D2'),
(118,'BINA MARGA 3','BM 3','BINA MARGA 3','07:00','17:00','12:00','04:00','24:00',600,300,'0','198501272010011001','2017-12-28 08:10:50','198501272010011001','2017-12-28 08:10:50','1','D2'),
(119,'BINA MARGA 4','BM 4','BINA MARGA 4','17:00','07:00','23:30','15:00','14:00',840,420,'1','198501272010011001','2017-12-28 08:11:58','198501272010011001','2017-12-28 08:11:58','1','D2'),
(120,'BINA MARGA 5','BM 5','BINA MARGA 5','07:00','19:00','13:00','04:00','24:00',720,360,'0','198501272010011001','2017-12-28 08:12:55','198501272010011001','2017-12-28 08:12:55','1','D2'),
(121,'BINA MARGA 6','BM 6','BINA MARGA 6','19:00','07:00','23:30','16:00','14:00',720,360,'1','198501272010011001','2017-12-28 08:13:57','198501272010011001','2017-12-28 08:13:57','1','D2'),
(122,'BINA MARGA 7','BM 7','BINA MARGA 7','06:00','14:00','10:00','03:00','21:00',480,240,'0','198501272010011001','2017-12-28 08:16:03','198501272010011001','2017-12-28 08:16:03','1','D2'),
(123,'BINA MARGA 8','BM 8','BINA MARGA 8','14:00','19:00','16:30','11:00','24:00',300,150,'0','198501272010011001','2017-12-28 08:17:16','198501272010011001','2017-12-28 08:17:16','1','D2'),
(124,'BINA MARGA 9','BM 9','BINA MARGA 9','19:00','06:00','23:30','16:00','13:00',660,330,'1','198501272010011001','2017-12-28 08:19:56','198501272010011001','2017-12-28 08:19:56','1','D2'),
(125,'DINKOP 1','DINKOP 1','DINAS KOPERASI, USAHA KECIL DAN MENENGAH','15:30','21:00','18:15','12:30','24:00',330,165,'0','198501272010011001','2017-12-28 08:37:49','198501272010011001','2017-12-28 08:37:49','1','E2'),
(126,'DINKOP 2','DINKOP 2','DINAS KOPERASI, USAHA KECIL DAN MENENGAH','16:00','21:00','18:30','13:00','24:00',300,150,'0','198501272010011001','2017-12-28 08:43:04','198501272010011001','2017-12-28 08:43:04','1','E2'),
(127,'DINKOP 3','DINKOP 3','DINAS KOPERASI, USAHA KECIL DAN MENENGAH','08:00','11:00','09:30','05:00','18:00',180,90,'0','198501272010011001','2017-12-28 08:44:18','198501272010011001','2017-12-28 08:44:18','1','E2'),
(128,'RS 50','RS 50','	JAM KERJA RUMAH SAKIT 50','05:00','12:00','08:30','02:00','15:00',420,210,'0','198501272010011001','2018-01-02 09:48:33','198501272010011001','2018-01-02 09:48:33','1','80;81;82;83;84;85;86'),
(129,'KPU1','KPU_1','KPU JADWAL 1','07:30','16:00','11:45','04:30','23:00',510,255,'0','198501272010011001','2018-01-11 15:44:43','198501272010011001','2018-01-11 15:44:43','1',''),
(130,'KPU2','KPU_2','KPU JADWAL 2','07:30','16:30','12:00','04:30','23:30',540,270,'0','198501272010011001','2018-01-11 15:46:58','198501272010011001','2018-01-11 15:46:58','1',''),
(131,'RS 51','RS 51','JAM KERJA RUMAH SAKIT 51','05:30','13:00','09:15','02:30','16:00',450,225,'0','198501272010011001','2018-02-09 16:04:56','198501272010011001','2018-02-09 16:04:56','1','80;81;82;83;84;85;86'),
(132,'RS 52','RS 52','JAM KERJA RUMAH SAKIT 52','08:00','15:30','11:45','05:00','18:30',450,225,'0','198501272010011001','2018-02-09 16:19:22','198501272010011001','2018-02-09 16:19:22','1','80;81;82;83;84;85;86'),
(133,'SATPOL SIFT 1','PJ_SATPOL1','SATPOL SIFT 1','07:00','15:00','11:00','04:00','16:00',480,240,'0','198501272010011001','2018-02-23 13:18:10','198501272010011001','2018-02-23 13:18:10','1','C0,D0'),
(134,'SATPOL SIFT 2','PJ_SATPOL2','SATPOL SIFT 2','15:00','23:00','19:00','12:00','24:00',480,240,'0','198501272010011001','2018-03-28 10:15:47','198501272010011001','2018-03-28 10:15:47','1','C0,D0'),
(135,'SATPOL SIFT 3','PJ_SATPOL3','SATPOL SIFT 3','23:00','07:00','23:30','20:00','12:00',480,240,'1','198501272010011001','2018-02-23 13:20:16','198501272010011001','2018-02-23 13:20:16','1','C0,D0'),
(136,'DLHK 1','DLHK 1','DLHK 1','08:00','16:00','12:00','05:00','23:00',480,240,'0','198501272010011001','2018-03-12 11:09:32','198501272010011001','2018-03-12 11:09:32','1','E7'),
(137,'DLHK 2','DLHK 2','DLHK 2','20:00','04:00','23:30','17:00','11:00',480,240,'1','198501272010011001','2018-03-12 11:11:08','198501272010011001','2018-03-12 11:11:08','1','E7'),
(138,'DINKES SIFT 1','DINKES1','DINKES SIFT 1','14:00','20:00','17:00','11:00','24:00',360,180,'0','198501272010011001','2018-03-29 11:57:17','198501272010011001','2018-03-29 11:57:17','1','D1'),
(139,'DINKES SIFT 2','DINKES2','DINKES SIFT 2','14:00','21:00','17:30','11:00','24:00',420,210,'0','198501272010011001','2018-03-29 11:58:56','198501272010011001','2018-03-29 11:58:56','1','D1'),
(140,'DINKES SIFT 3','DINKES3','DINKES SIFT 3','20:00','07:00','23:30','17:00','14:00',660,330,'1','198501272010011001','2018-03-29 12:04:02','198501272010011001','2018-03-29 12:04:02','1','D1'),
(141,'DINKES SIFT 4','DINKES4','DINKES SIFT 4','21:00','07:00','23:30','18:00','15:00',600,300,'1','198501272010011001','2018-03-29 12:05:09','198501272010011001','2018-03-29 12:05:09','1','D1'),
(142,'DINKES SIFT 5','DINKES5','DINKES SIFT 5','14:00','18:00','16:00','11:00','24:00',240,120,'0','198501272010011001','2018-03-29 12:05:51','198501272010011001','2018-03-29 12:05:51','1','D1'),
(143,'DINKES SIFT 6','DINKES6','DINKES SIFT 6','14:00','19:30','16:45','11:00','24:00',330,165,'0','198501272010011001','2018-03-29 12:06:28','198501272010011001','2018-03-29 12:06:28','1','D1'),
(144,'PUASA 3','PS3','JADWAL PUASA  6 HARI KERJA ','08:00','14:00','11:00','05:00','21:00',360,180,'0','198501272010011001','2018-05-14 09:02:48','198501272010011001','2018-05-14 09:02:48','1',''),
(145,'PUASA 4','PS4','JADWAL PUASA  6 HARI KERJA ','08:00','14:30','11:15','05:00','21:30',390,195,'0','198501272010011001','2018-05-14 09:03:35','198501272010011001','2018-05-14 09:03:35','1',''),
(146,'RS 53','RS 53','	JAM KERJA RUMAH SAKIT 53','07:30','14:30','11:00','04:30','17:30',420,210,'0','198501272010011001','2018-05-15 16:11:01','198501272010011001','2018-05-15 16:11:01','1','80;81;82;83;84;85;86'),
(147,'RS 54','RS 54','	JAM KERJA RUMAH SAKIT 54','07:30','15:00','11:15','04:30','21:00',450,225,'0','198501272010011001','2018-05-15 16:11:51','198501272010011001','2018-05-15 16:11:51','1','80;81;82;83;84;85;86'),
(148,'RS 55','RS 55','	JAM KERJA RUMAH SAKIT 55','07:30','13:30','10:30','04:30','16:30',360,180,'0','198501272010011001','2018-05-15 16:12:53','198501272010011001','2018-05-15 16:12:53','1','80;81;82;83;84;85;86;D1'),
(149,'RS 56','RS 56','	JAM KERJA RUMAH SAKIT 56','07:30','11:00','09:15','04:30','14:00',210,105,'0','198501272010011001','2018-05-15 16:13:48','198501272010011001','2018-05-15 16:13:48','1','80;81;82;83;84;85;86'),
(150,'RS 57','RS 57','	JAM KERJA RUMAH SAKIT 57','07:30','12:30','10:00','04:30','15:30',300,150,'0','198501272010011001','2018-05-15 16:14:25','198501272010011001','2018-05-15 16:14:25','1','80;81;82;83;84;85;86'),
(151,'PUASA 5','PS5','JADWAL PUASA 6 HARI KERJA','08:00','11:00','09:30','05:00','18:00',180,90,'0','198501272010011001','2018-05-17 13:56:51','198501272010011001','2018-05-17 13:56:51','1',''),
(152,'PUASA 6','PS6','JADWAL PUASA SLBYPAC 1','09:00','16:00','12:30','06:00','23:00',420,210,'0','198501272010011001','2018-05-17 13:58:44','198501272010011001','2018-05-17 13:58:44','1','D0'),
(153,'PUASA 7','PS7','JADWAL PUASA SLBYPAC 2','09:00','16:30','12:45','06:00','23:30',450,225,'0','198501272010011001','2018-05-17 13:59:40','198501272010011001','2018-05-17 13:59:40','1','D0'),
(154,'RS 58','RS 58','JAM KERJA RUMAH SAKIT 58','07:00','14:30','10:45','04:00','17:30',450,225,'0','198501272010011001','2018-05-18 08:54:48','198501272010011001','2018-05-18 08:54:48','1','80;81;82;83;84;85;86'),
(155,'RS 59','RS 59','JAM KERJA RUMAH SAKIT 59','07:30','14:00','10:45','04:30','17:00',390,195,'0','198501272010011001','2018-05-18 08:56:10','198501272010011001','2018-05-18 08:56:10','1','80;81;82;83;84;85;86;D1'),
(156,'RS 60','RS 60','JAM KERJA RUMAH SAKIT 60','07:00','11:00','09:00','04:00','14:00',240,120,'0','198501272010011001','2018-05-18 08:57:16','198501272010011001','2018-05-18 08:57:16','1','80;81;82;83;84;85;86'),
(157,'RS 61','RS 61','JAM KERJA RUMAH SAKIT 61','07:30','12:00','09:45','04:30','15:00',270,135,'0','198501272010011001','2018-05-18 08:57:59','198501272010011001','2018-05-18 08:57:59','1','80;81;82;83;84;85;86'),
(158,'RS 62','RS 62','sift pagi','06:00','13:30','09:45','03:00','16:30',450,225,'0','198501272010011001','2019-04-08 15:23:41','198501272010011001','2019-04-08 15:23:41','1','80;81;82;83;84;85;86'),
(159,'RS 63','RS 63','Longsift I','07:00','21:00','14:00','04:00','23:58',840,420,'0','198501272010011001','2019-04-08 15:26:12','198501272010011001','2019-04-08 15:26:12','1','80;81;82;83;84;85;86;D1'),
(160,'RS 64','RS 64','Longsift II','14:00','07:00','22:30','11:00','10:00',1020,510,'1','198501272010011001','2019-04-08 16:04:38','198501272010011001','2019-04-08 16:04:38','1','80;81;82;83;84;85;86'),
(161,'RS 65','RS 65','Longsift III','21:00','14:00','23:30','19:00','17:00',1020,510,'1','198501272010011001','2019-04-08 16:06:11','198501272010011001','2019-04-08 16:06:11','1','80;81;82;83;84;85;86'),
(162,'PUASA 8','PS8','JADWAL PUASA DISDIKBUD SENIN - KAMIS ','07:30','14:30','11:00','04:30','21:30',420,210,'0','198809022011011004','2019-05-03 08:33:49','198809022011011004','2019-05-03 08:33:49','1','D0'),
(163,'PUASA 9','PS9','JADWAL PUASA 5 HARI KERJA (SENIN-KAMIS)','07:30','15:00','11:15','04:30','22:00',450,225,'0','198809022011011004','2019-05-03 08:34:48','198809022011011004','2019-05-03 08:34:48','1',''),
(164,'PUASA 10','PS10','JADWAL PUASA 5 HARI KERJA (JUMAT)','07:30','13:30','10:30','04:30','20:30',360,180,'0',NULL,NULL,NULL,NULL,'1',''),
(165,'PUASA 11','PS11','JADWAL PUASA 6 HARI KERJA (SENIN-KAMIS)','07:30','14:00','10:45','04:30','21:00',390,195,'0','198809022011011004','2020-04-23 13:40:16','198809022011011004','2020-04-23 13:40:16','1',''),
(166,'DISHUB15','DISHUB15','DINAS PERHUBUNGAN 15','13:00','21:00','17:00','11:00','24:00',480,240,'0','198501272010011001','2019-07-27 15:14:14','198501272010011001','2019-07-27 15:14:14','1','D9'),
(167,'DISHUB16','DISHUB16','DINAS PERHUBUNGAN 16','21:00','07:00','23:00','18:00','10:00',600,300,'1','198501272010011001','2019-07-27 15:15:36','198501272010011001','2019-07-27 15:15:36','1','D9'),
(425,'RS 66','RS 66','JAM KERJA RUMAH SAKIT 66','09:30','18:00','13:45','06:30','21:00',510,255,'0','198501272010011001','2019-08-20 16:04:12','198501272010011001','2019-08-20 16:04:12','1','80;81;82;83;84;85;86'),
(427,'RS 67','RS 67','JAM KERJA RUMAH SAKIT 67','12:30','21:00','16:45','09:30','23:59',510,255,'0','198501272010011001','2019-08-20 16:07:24','198501272010011001','2019-08-20 16:07:24','1','80;81;82;83;84;85;86'),
(428,'RS 68','RS 68','JAM KERJA RUMAH SAKIT 68','09:00','17:30','13:15','06:00','20:30',510,255,'0','198501272010011001','2019-08-20 16:09:03','198501272010011001','2019-08-20 16:09:03','1','80;81;82;83;84;85;86'),
(429,'RS 69','RS 69','JAM KERJA RUMAH SAKIT 69','11:00','16:30','13:45','08:00','19:30',330,165,'0','198501272010011001','2019-08-20 16:10:21','198501272010011001','2019-08-20 16:10:21','1','80;81;82;83;84;85;86'),
(430,'RS 70','RS 70','JAM KERJA RUMAH SAKIT 70','10:30','18:00','14:15','07:30','21:00',450,225,'0','198501272010011001','2019-08-20 16:11:25','198501272010011001','2019-08-20 16:11:25','1','80;81;82;83;84;85;86'),
(431,'RS 71','RS 71','JAM KERJA RUMAH SAKIT 71','08:00','17:00','12:30','05:00','20:00',540,270,'0','198501272010011001','2019-08-20 16:13:33','198501272010011001','2019-08-20 16:13:33','1','80;81;82;83;84;85;86'),
(432,'RS 72','RS 72','JAM KERJA RUMAH SAKIT 72','05:30','13:30','09:30','02:30','16:30',480,240,'0','198501272010011001','2019-08-20 16:14:37','198501272010011001','2019-08-20 16:14:37','1','80;81;82;83;84;85;86'),
(433,'RS 73','RS 73','JAM KERJA RUMAH SAKIT 73','07:30','16:00','11:45','04:30','19:00',510,255,'0','198501272010011001','2019-08-20 16:22:10','198501272010011001','2019-08-20 16:22:10','1','80;81;82;83;84;85;86'),
(434,'RS 74','RS 74','JAM KERJA RUMAH SAKIT 74','11:00','19:30','15:15','08:00','22:30',510,255,'0','198501272010011001','2019-08-20 16:23:56','198501272010011001','2019-08-20 16:23:56','1','80;81;82;83;84;85;86'),
(435,'RS 75','RS 75','JAM KERJA RUMAH SAKIT 75','10:00','14:00','12:00','07:00','17:00',240,120,'0','198501272010011001','2019-08-20 16:24:57','198501272010011001','2019-08-20 16:24:57','1','80;81;82;83;84;85;86'),
(436,'RS 76','RS 76','JAM KERJA RUMAH SAKIT 76','10:00','15:30','12:45','07:00','18:30',330,165,'0','198501272010011001','2019-08-20 16:26:01','198501272010011001','2019-08-20 16:26:01','1','80;81;82;83;84;85;86'),
(437,'RS 77','RS 77','JAM KERJA RUMAH SAKIT 77','08:00','16:30','12:15','05:00','19:30',510,255,'0','198501272010011001','2019-08-20 16:27:13','198501272010011001','2019-08-20 16:27:13','1','80;81;82;83;84;85;86'),
(438,'RS 78','RS 78','JAM KERJA RUMAH SAKIT 78','08:00','16:30','12:15','05:00','19:30',510,255,'0','198501272010011001','2019-08-20 16:29:53','198501272010011001','2019-08-20 16:29:53','1','80;81;82;83;84;85;86'),
(439,'RS 79','RS 79','JAM KERJA RUMAH SAKIT 79','09:00','14:30','11:45','06:00','17:30',330,165,'0','198501272010011001','2019-08-20 16:31:13','198501272010011001','2019-08-20 16:31:13','1','80;81;82;83;84;85;86'),
(440,'RS 80','RS 80','JAM KERJA RUMAH SAKIT 80','06:00','14:30','10:15','03:00','17:30',510,255,'0','198501272010011001','2019-08-20 16:32:20','198501272010011001','2019-08-20 16:32:20','1','80;81;82;83;84;85;86'),
(441,'RS 81','RS 81','JAM KERJA RUMAH SAKIT 81','11:00','19:30','15:15','08:00','22:30',510,255,'0','198501272010011001','2019-08-20 16:33:14','198501272010011001','2019-08-20 16:33:14','1','80;81;82;83;84;85;86'),
(442,'RS 82','RS 82','MOD (Manager On Duty)','00:30','08:00','04:15','00:00','11:00',450,225,'0','198501272010011001','2019-09-30 14:10:23','198501272010011001','2019-09-30 14:10:23','1','80;81;82;83;84;85;86'),
(445,'RS 83','RS 83','JAM KERJA RUMAH SAKIT 83','11:30','20:00','15:45','08:30','23:00',510,255,'0','198501272010011001','2019-08-28 08:30:22','198501272010011001','2019-08-28 08:30:22','1','80;81;82;83;84;85;86'),
(446,'RS 84','RS 84','JAM KERJA RUMAH SAKIT 84','12:30','20:00','16:15','09:30','23:00',450,225,'0','198501272010011001','2019-08-28 08:31:09','198501272010011001','2019-08-28 08:31:09','1','80;81;82;83;84;85;86'),
(447,'RS 85','RS 85','Longsift IV','07:00','20:30','13:45','04:00','23:30',810,405,'0','198501272010011001','2019-09-26 15:38:23','198501272010011001','2019-09-26 15:38:23','1','80;81;82;83;84;85;86'),
(448,'RS 86','RS 86','Longsift V','13:30','07:00','23:45','10:30','10:00',630,315,'1','198501272010011001','2019-09-26 15:41:40','198501272010011001','2019-09-26 15:41:40','1','80;81;82;83;84;85;86'),
(449,'RS 87','RS 87','JAM KERJA RUMAH SAKIT 87','08:30','15:30','12:00','05:30','18:30',420,210,'0','198501272010011001','2019-09-30 14:13:52','198501272010011001','2019-09-30 14:13:52','1','80;81;82;83;84;85;86'),
(450,'RS 88','RS 88','JAM KERJA RUMAH SAKIT 88','09:30','16:30','13:00','06:30','19:30',420,210,'0','198501272010011001','2019-09-30 14:14:09','198501272010011001','2019-09-30 14:14:09','1','80;81;82;83;84;85;86'),
(451,'KPU3','KPU REGULER 3','KPU REGULER 3','08:00','16:00','12:00','05:00','23:00',480,240,'0','198501272010011001','2019-10-09 08:45:43','198501272010011001','2019-10-09 08:45:43','1',''),
(452,'KPU4','KPU REGULER 4','KPU REGULER 4','08:00','16:30','12:15','05:00','23:30',510,255,'0','198501272010011001','2019-10-09 08:46:25','198501272010011001','2019-10-09 08:46:25','1',''),
(453,'DISHUB17','DISHUB17','DINAS PERHUBUNGAN 17','06:30','14:30','10:30','03:30','21:30',480,240,'0','198501272010011001','2019-10-17 11:40:32','198501272010011001','2019-10-17 11:40:32','1','D9'),
(454,'DISHUB18','DISHUB18','DINAS PERHUBUNGAN 18','14:30','21:30','17:45','10:30','23:58',390,195,'0','198501272010011001','2019-10-17 11:42:06','198501272010011001','2019-10-17 11:42:06','1','D9'),
(455,'RS 89','RS 89','JAM KERJA RUMAH SAKIT 89','12:00','20:30','16:15','09:00','23:30',510,255,'0','198501272010011001','2019-10-25 14:12:43','198501272010011001','2019-10-25 14:12:43','1','80;81;82;83;84;85;86'),
(456,'RS 90','RS 90','JAM KERJA RUMAH SAKIT 90','11:30','20:30','16:00','08:30','23:30',540,270,'0','198501272010011001','2019-10-25 14:13:42','198501272010011001','2019-10-25 14:13:42','1','80;81;82;83;84;85;86'),
(457,'DISHUB19','DISHUB19','DISHUB19','07:00','17:00','12:00','04:00','20:00',600,300,'0','198501272010011001','2019-11-25 07:16:43','198501272010011001','2019-11-25 07:16:43','1','D9'),
(458,'Reguler 3','RG 3','Jam Kerja Reguler Hari Jumat jam 07.00 - 14.00','07:01','14:00','10:30','04:00','21:00',419,209,'0','199408152019022003','2021-06-10 07:36:40','199408152019022003','2021-06-10 07:36:40','1',''),
(459,'DISHUB20','DISHUB20','DINAS PERHUBUNGAN 20','06:00','14:00','10:00','04:00','21:00',480,240,'0','198501272010011001','2020-02-14 07:35:58','198501272010011001','2020-02-14 07:35:58','1','D9'),
(460,'DISHUB21','DISHUB21','DINAS PERHUBUNGAN 21','12:00','20:00','16:00','09:00','23:30',480,240,'0','198501272010011001','2020-02-14 07:42:09','198501272010011001','2020-02-14 07:42:09','1','D9'),
(461,'PUASA 12','PS12','JADWAL PUASA 6 HARI KERJA (SABTU)','07:30','12:00','09:45','04:30','19:00',270,135,'0','198809022011011004','2020-04-23 14:18:13','198809022011011004','2020-04-23 14:18:13','1',''),
(462,'PUASA 13','PS13','JADWAL PUASA 6 HARI KERJA (JUMAT)','07:30','11:00','08:45','04:30','18:00',210,105,'0',NULL,NULL,NULL,NULL,'1',''),
(463,'PUASA 14','PS14','JADWAL PUASA 6 HARI KERJA (SABTU)','07:30','12:30','10:00','04:30','19:30',300,150,'0','198809022011011004','2020-04-23 14:18:18','198809022011011004','2020-04-23 14:18:18','1',''),
(464,'RS 91','RS 91','RS sift pagi ','08:00','18:00','13:00','06:00','21:00',600,300,'0','198809022011011004','2020-06-16 19:00:04','198809022011011004','2020-06-16 19:00:04','1','80;81;82;83;84;85;86'),
(465,'RS 92','RS 92','RS Sift Malam ','19:00','05:00','23:30','16:00','08:00',600,300,'1','198809022011011004','2020-06-16 19:01:32','198809022011011004','2020-06-16 19:01:32','1','80;81;82;83;84;85;86'),
(466,'Hari Besar Kenegaraan','HBN','Hari Besar Kenegaraan (Upacara 17 Agustus, Sumpah Pemuda)','00:00','00:00','00:00','00:00','00:00',0,0,'0','197612112005021003','2020-08-14 13:45:03','197612112005021003','2020-08-14 13:45:03','1',''),
(467,'PKD_VO','PKD_VO','Jam kerja Tenaga Keamanan Full Time','07:00','07:00','19:00','04:00','12:00',1440,720,'1','198501272010011001','2021-02-05 11:29:43','198501272010011001','2021-02-05 11:29:43','1',''),
(468,'RS 93','RS 93','JAM KERJA RUMAH SAKIT 93','04:00','10:30','07:15','01:00','17:30',390,195,'0','198809022011011004','2021-04-12 09:47:26','198809022011011004','2021-04-12 09:47:26','1','80;81;82;83;84;85;86'),
(469,'RS 94','RS 94','JAM KERJA RUMAH SAKIT 94','09:00','15:30','12:15','06:00','22:30',390,195,'0','198809022011011004','2021-04-12 09:48:51','198809022011011004','2021-04-12 09:48:51','1','80;81;82;83;84;85;86'),
(470,'RS 95','RS 95','JAM KERJA RUMAH SAKIT 95','05:45','12:15','09:00','02:45','19:15',390,195,'0','198809022011011004','2021-04-12 09:50:10','198809022011011004','2021-04-12 09:50:10','1','80;81;82;83;84;85;86'),
(471,'RS 96','RS 96','JAM KERJA RUMAH SAKIT 96','05:30','11:30','08:30','02:30','18:30',360,180,'0','198809022011011004','2021-04-12 09:51:12','198809022011011004','2021-04-12 09:51:12','1','80;81;82;83;84;85;86'),
(472,'RS 97','RS 97','JAM KERJA RUMAH SAKIT 97','12:00','18:00','15:00','09:00','24:00',360,180,'0','198809022011011004','2021-04-12 09:59:00','198809022011011004','2021-04-12 09:59:00','1','80;81;82;83;84;85;86'),
(473,'RS 98','RS 98','JAM KERJA RUMAH SAKIT 98','11:00','18:30','14:45','08:00','24:00',450,225,'0','198809022011011004','2021-04-12 10:50:51','198809022011011004','2021-04-12 10:50:51','1','80;81;82;83;84;85;86'),
(474,'RS 99','RS 99','JAM KERJA RUMAH SAKIT 99','13:00','18:30','15:45','10:00','24:00',330,165,'0','198809022011011004','2021-04-12 10:51:43','198809022011011004','2021-04-12 10:51:43','1','80;81;82;83;84;85;86'),
(476,'PUASA 15','PS15','JADWAL PUASA 6 HARI KERJA (JUMAT)','07:30','11:30','09:30','04:30','18:30',240,120,'0','198501272010011001','2021-04-12 11:49:52','198501272010011001','2021-04-12 11:49:52','1',''),
(477,'DLHK 3','DLHK 3','DLHK 3','08:00','15:30','11:45','05:00','22:30',450,225,'0','198809022011011004','2021-04-13 14:06:37','198809022011011004','2021-04-13 14:06:37','1','E7'),
(478,'DLHK 4','DLHK 4','DLHK 4','20:00','02:30','23:15','17:00','09:30',390,195,'1','198809022011011004','2021-04-13 14:07:14','198809022011011004','2021-04-13 14:07:14','1','E7'),
(479,'RS 100','RS 100','JAM KERJA RUMAH SAKIT 100','07:30','13:00','10:15','04:30','20:00',330,165,'0','198809022011011004','2021-04-19 11:29:38','198809022011011004','2021-04-19 11:29:38','1','80;81;82;83;84;85;86');

/*Table structure for table `jam_kerja__` */

DROP TABLE IF EXISTS `jam_kerja__`;

CREATE TABLE `jam_kerja__` (
  `id` int(32) NOT NULL AUTO_INCREMENT,
  `nama` varchar(128) DEFAULT NULL,
  `nama_singkat` varchar(16) DEFAULT NULL,
  `nama_singkat_baru` varchar(16) DEFAULT NULL,
  `deskripsi` varchar(255) DEFAULT NULL,
  `jadwal_masuk` varchar(8) DEFAULT NULL,
  `jadwal_keluar` varchar(8) DEFAULT NULL,
  `jadwal_tengah` varchar(8) DEFAULT NULL,
  `absen_buka` varchar(8) DEFAULT NULL,
  `absen_tutup` varchar(8) DEFAULT NULL,
  `waktu_kerja` int(4) DEFAULT NULL,
  `waktu_tengah` int(4) DEFAULT NULL,
  `selisih_hari` enum('1','0') DEFAULT '0',
  `create_user` varchar(32) DEFAULT NULL,
  `create_datetime` datetime DEFAULT NULL,
  `update_user` varchar(32) DEFAULT NULL,
  `update_datetime` datetime DEFAULT NULL,
  `status` enum('0','1') DEFAULT '1',
  `skpd` varchar(100) DEFAULT NULL,
  PRIMARY KEY (`id`),
  KEY `INDEX` (`nama`,`jadwal_masuk`,`jadwal_keluar`,`jadwal_tengah`,`selisih_hari`,`waktu_kerja`,`waktu_tengah`,`status`,`deskripsi`,`nama_singkat`,`absen_buka`,`absen_tutup`)
) ENGINE=InnoDB AUTO_INCREMENT=480 DEFAULT CHARSET=latin1;

/*Data for the table `jam_kerja__` */

insert  into `jam_kerja__`(`id`,`nama`,`nama_singkat`,`nama_singkat_baru`,`deskripsi`,`jadwal_masuk`,`jadwal_keluar`,`jadwal_tengah`,`absen_buka`,`absen_tutup`,`waktu_kerja`,`waktu_tengah`,`selisih_hari`,`create_user`,`create_datetime`,`update_user`,`update_datetime`,`status`,`skpd`) values 
(1,'Libur','OFF','OFF','Libur','00:00','00:00','00:00','00:00','00:00',0,0,'0','198501272010011001','1900-01-20 17:50:57','198501272010011001','1900-01-20 17:50:57','1',NULL),
(2,'Libur Hari Besar','HB','HB','Libur Hari Besar','00:00','00:00','00:00','00:00','00:00',0,0,'0','198501272010011001','1900-01-20 17:51:24','198501272010011001','1900-01-20 17:51:24','1',NULL),
(3,'Reguler 1','RG1','RG1','Reguler Hari Senin - Kamis ( Termasuk SMA/SMK/SLB / OPD yang menganut 5 Hari Kerja )','07:01','15:30','11:15','04:00','22:30',510,255,'0','198501272010011001','1900-01-20 16:30:52','198501272010011001','1900-01-20 16:30:52','1',NULL),
(4,'Puasa 1','PS1','PS1','Puasa Hari Senin - Kamis','08:00','15:00','11:30','05:00','22:00',420,210,'0','198501272010011001','1900-01-20 08:28:11','198501272010011001','1900-01-20 08:28:11','1',NULL),
(5,'Puasa 2','PS2','PS2','Puasa Hari Jum\'at','08:00','15:30','11:45','05:00','22:30',450,225,'0','198501272010011001','1900-01-20 08:27:11','198501272010011001','1900-01-20 08:27:11','1',NULL),
(6,'Reguler 2','RG2','RG2','Reguler Hari Jum\'at ( Termasuk SMA/SMK/SLB / OPD yang menganut 5 Hari Kerja )','7:01','16:00','11:30','04:00','23:30',540,270,'0','198501272010011001','1900-01-20 16:30:59','198501272010011001','1900-01-20 16:30:59','1',NULL),
(7,'Sekolah 6 Hari Kerja A','SKL6A','S6A','Sekolah 6 Hari Kerja Hari Senin - Selasa','07:00','14:15','10:37','05:00','20:15',435,217,'0','500156899','1900-01-20 10:48:33','500156899','1900-01-20 10:48:33','1',NULL),
(8,'Sekolah 6 Hari Kerja B','SKL6B','S6B','Sekolah 6 Hari Kerja Hari Rabu, Kamis, Sabtu','07:00','13:45','10:22','05:00','21:45',405,202,'0','500156899','1900-01-20 10:49:09','500156899','1900-01-20 10:49:09','1',NULL),
(9,'Sekolah 6 Hari Kerja C','SKL6C','S6C','Sekolah 6 Hari Kerja Hari Jum\'at','07:00','11:00','09:00','05:00','19:00',240,120,'0','198501272010011001','1900-01-20 15:41:45','198501272010011001','1900-01-20 15:41:45','1',NULL),
(10,'Sekolah 5 Hari Kerja A','SKL5A','S5A','Sekolah 5 Hari Kerja Senin - Jumat','06:30','15:00','10:45','04:00','22:30',510,255,'0','500156899','1900-01-20 10:13:09','500156899','1900-01-20 10:13:09','1',NULL),
(11,'Penjaga Sekolah 1','SKLPJ 1','SPJ1','Penjaga Sekolah ','20:00','05:00','23:30','17:00','12:00',540,270,'1','198501272010011001','1900-01-20 10:16:17','198501272010011001','1900-01-20 10:16:17','1','D0'),
(12,'Penjaga Sift 1','PJ_DALDUKKB_1','PJ1','Penjaga Piket DPPPA DALDUK KB','06:00','14:00','10:00','03:00','21:00',480,240,'0','198809022011011004','1900-01-20 09:40:09','198809022011011004','1900-01-20 09:40:09','1',NULL),
(13,'Penjaga Sift 2','PJ_DALDUKKB_2','PJ2','Penjaga Piket DPPPA DALDUK KB','14:00','22:00','18:00','11:00','24:00',480,240,'0','198809022011011004','1900-01-20 09:40:03','198809022011011004','1900-01-20 09:40:03','1',NULL),
(14,'Penjaga Sift 3','PJ_DALDUKKB_3','PJ3','Penjaga Piket DPPPA DALDUK KB','22:00','06:00','23:30','19:00','13:00',480,240,'1','198809022011011004','1900-01-20 09:40:19','198809022011011004','1900-01-20 09:40:19','1',NULL),
(15,'Sekolah 6 Hari Kerja D','SKL6D','S6D','Sekolah 6 Hari Kerja SENIN - KAMIS ','06:30','14:00','10:15','02:30','21:00',450,225,'0','500156899','1900-01-20 16:30:59','500156899','1900-01-20 16:30:59','1',NULL),
(16,'Sekolah 6 Hari Kerja E','SKL6E','S6E','Sekolah 6 Hari Kerja HARI JUMAT DAN SABTU','06:30','11:15','08:52','02:30','19:00',285,142,'0','198501272010011001','1900-01-20 16:56:07','198501272010011001','1900-01-20 16:56:07','1',NULL),
(17,'Penjaga Sift 4','PJ4','PJ4','Penjaga Malam ','19:00','05:00','23:30','17:00','12:00',600,300,'1','198501272010011001','1900-01-20 10:25:22','198501272010011001','1900-01-20 10:25:22','1',NULL),
(18,'Sekolah 6 Hari Kerja F','SKL6F','S6F','Sekolah 6 Hari Kerja Hari Senin, Selasa, Rabu, Kam','07:00','13:35','10:17','05:00','21:00',395,197,'0','198501272010011001','1900-01-20 16:56:28','198501272010011001','1900-01-20 16:56:28','1',NULL),
(19,'Sekolah 6 Hari Kerja G','SKL6G ','S6G ','Sekolah 6 Hari Kerja Hari Jumat','07:00','11:15','09:07','05:00','17:45',255,127,'0','198501272010011001','1900-01-20 16:59:03','198501272010011001','1900-01-20 16:59:03','1',NULL),
(20,'Badan Penghubung Darmawangsa dan samarinda 1 ','BP 1','BP1','5 Hari kerja senin s/d kamis','08:00','16:15','12:07','05:00','23:15',495,247,'0','198501272010011001','1900-01-20 08:39:03','198501272010011001','1900-01-20 08:39:03','1','C1'),
(21,'Badan Penghubung Darmawangsa dan samarinda 2 ','BP 2','BP2','5 hari kerja hari jumat','08:00','15:30','11:45','05:00','22:30',450,225,'0','198501272010011001','1900-01-20 08:40:10','198501272010011001','1900-01-20 08:40:10','1','C1'),
(22,'Badan Penghubung Darmawangsa dan samarinda 3 ','BP 3','BP3','sift pagi petugas keamanan','08:00','20:00','14:00','05:00','24:00',720,360,'0','198501272010011001','1900-01-20 08:42:15','198501272010011001','1900-01-20 08:42:15','1','C1'),
(23,'Badan Penghubung Darmawangsa dan samarinda 4','BP 4','BP4','sift malam petugas keamanan','20:00','08:00','23:00','18:00','10:00',720,360,'1','198501272010011001','1900-01-20 08:43:37','198501272010011001','1900-01-20 08:43:37','1','C1'),
(24,'Badan Penghubung TMII  ','BP 5 ','BP5 ','6 Hari kerja selasa s/d minggu','08:00','16:00','12:00','05:00','23:00',480,240,'0','198501272010011001','1900-01-20 08:45:02','198501272010011001','1900-01-20 08:45:02','1','C1'),
(25,'Badan Penghubung TMII  ','BP 6','BP6','6 Hari kerja JUMAT','08:00','16:30','12:15','05:00','23:30',510,255,'0','198501272010011001','1900-01-20 08:46:10','198501272010011001','1900-01-20 08:46:10','1','C1'),
(26,'Sekolah 6 Hari kerja 1','SKL6H1','S6H1','Hari Senin - Hari Kamis','07:00','14:30','10:45','04:00','21:30',450,225,'0','198501272010011001','1900-01-20 11:59:08','198501272010011001','1900-01-20 11:59:08','1','D0'),
(27,'Sekolah 6 Hari kerja 2','SKL6H2','S6H2','Hari Jum\'at','07:00','11:00','09:00','04:00','18:00',240,120,'0','198501272010011001','1900-01-20 14:14:59','198501272010011001','1900-01-20 14:14:59','1','D0'),
(28,'Sekolah 6 Hari Kerja 3','SKL6H3','S6H3','Hari Sabtu','07:00','14:30','10:45','04:00','22:00',450,225,'0','198501272010011001','1900-01-20 11:59:58','198501272010011001','1900-01-20 11:59:58','1','D0'),
(29,'PKD Sift 1','PKD 1','PKD1','PKD Sift 1','06:00','18:00','12:00','03:00','24:00',720,360,'0','198501272010011001','1900-01-20 11:55:44','198501272010011001','1900-01-20 11:55:44','1',NULL),
(30,'PKD Sift 2','PKD 2','PKD2','PKD Sift 2','18:00','06:00','23:00','15:00','13:00',720,360,'1','198501272010011001','1900-01-20 11:41:47','198501272010011001','1900-01-20 11:41:47','1',NULL),
(31,'Penjaga Shift 1','1_DISTANBUN','PJ7','Penjaga Shift 1 DISTANBUN','07:00','15:00','11:00','04:00','22:00',480,240,'0','198809022011011004','1900-01-20 09:44:55','198809022011011004','1900-01-20 09:44:55','1','E3'),
(32,'Penjaga Shift 2','2_DISTANBUN','PJ8','Penjaga Shift 2 DISTANBUN','15:00','23:00','19:00','13:00','24:00',480,240,'0','198501272010011001','1900-01-20 16:03:34','198501272010011001','1900-01-20 16:03:34','1','E3'),
(33,'Penjaga Shift 3','3_DISTANBUN','PJ9','Penjaga Shift 3 DISTANBUN','23:00','07:00','23:00','20:00','13:00',480,240,'1','198501272010011001','1900-01-20 12:53:19','198501272010011001','1900-01-20 12:53:19','1','E3'),
(34,'Penjaga Malam Sift Pagi','PJ (5)','PJ5','Penjaga Malam Sift Pagi Satpol PP','07:00','19:00','13:00','04:00','24:00',720,360,'0','198501272010011001','1900-01-20 15:35:45','198501272010011001','1900-01-20 15:35:45','1',NULL),
(35,'Penjaga Malam Sift malam','PJ (6)','PJ6','Penjaga Malam Sift malam Satpol PP','19:00','07:00','23:30','16:00','14:00',720,360,'1','198501272010011001','1900-01-20 15:36:49','198501272010011001','1900-01-20 15:36:49','1',NULL),
(36,'BIRO UMUM SHIFT PAGI','BU_SHIFT 1','BU1','SHIFT PAGI','06:30','14:30','10:30','03:30','21:30',480,240,'0','198501272010011001','1900-01-20 15:32:52','198501272010011001','1900-01-20 15:32:52','1','A2'),
(37,'BIRO UMUM SHIFT SIANG','BU_SHIFT 2','BU2','SHIFT SIANG','14:30','21:30','18:00','11:30','24:00',420,210,'0','198501272010011001','1900-01-20 16:00:59','198501272010011001','1900-01-20 16:00:59','1','A2'),
(38,'BIRO UMUM SHIFT MALAM','BU_SHIFT 3','BU3','SHIFT MALAM','21:30','06:30','23:30','18:30','13:30',540,270,'1','198809022011011004','1900-01-20 08:37:08','198809022011011004','1900-01-20 08:37:08','1','A2'),
(39,'RS 1','RS 1','R1','JAM KERJA RUMAH SAKIT 1','07:00','14:00','10:30','04:00','17:00',420,210,'0','198501272010011001','1900-01-20 09:34:53','198501272010011001','1900-01-20 09:34:53','1','D1;80;81;82;83;84;85;86'),
(40,'RS 2','RS 2','R2','JAM KERJA RUMAH SAKIT 2','07:00','11:00','09:00','04:00','16:00',240,120,'0','198501272010011001','1900-01-20 09:35:19','198501272010011001','1900-01-20 09:35:19','1','D1;80;81;82;83;84;85;86'),
(41,'RS 3','RS 3','R3','JAM KERJA RUMAH SAKIT 3','07:00','12:30','09:45','04:00','17:30',330,165,'0','198501272010011001','1900-01-20 09:37:11','198501272010011001','1900-01-20 09:37:11','1','D1;80;81;82;83;84;85;86'),
(42,'RS 4','RS 4','R4','JAM KERJA RUMAH SAKIT 4','14:00','21:00','17:30','11:00','23:00',420,210,'0','198501272010011001','1900-01-20 09:39:16','198501272010011001','1900-01-20 09:39:16','1','80;81;82;83;84;85;86'),
(43,'RS 5','RS 5','R5','JAM KERJA RUMAH SAKIT 5','21:00','07:00','23:00','18:00','10:00',600,300,'1','198501272010011001','1900-01-20 14:32:02','198501272010011001','1900-01-20 14:32:02','1','80;81;82;83;84;85;86'),
(44,'RS 6','RS 6','R6','JAM KERJA RUMAH SAKIT 6','05:30','12:30','09:00','02:30','15:30',420,210,'0','198501272010011001','1900-01-20 14:35:15','198501272010011001','1900-01-20 14:35:15','1','80;81;82;83;84;85;86'),
(45,'RS 7','RS 7','R7','JAM KERJA RUMAH SAKIT 7','11:00','18:00','14:30','08:00','21:00',420,210,'0','198501272010011001','1900-01-20 14:37:40','198501272010011001','1900-01-20 14:37:40','1','80;81;82;83;84;85;86'),
(46,'RS 8','RS 8','R8','JAM KERJA RUMAH SAKIT 8','06:00','13:00','09:30','03:00','16:00',420,210,'0','198501272010011001','1900-01-20 14:39:17','198501272010011001','1900-01-20 14:39:17','1','80;81;82;83;84;85;86'),
(47,'RS 9','RS 9','R9','JAM KERJA RUMAH SAKIT 9','04:00','11:00','07:30','01:00','14:00',420,210,'0','198501272010011001','1900-01-20 14:40:42','198501272010011001','1900-01-20 14:40:42','1','80;81;82;83;84;85;86'),
(48,'RS 10','RS 10','R10','JAM KERJA RUMAH SAKIT 10','04:00','09:00','06:30','01:00','12:00',300,150,'0','198501272010011001','1900-01-20 14:42:25','198501272010011001','1900-01-20 14:42:25','1','80;81;82;83;84;85;86'),
(49,'RS 11','RS 11','R11','JAM KERJA RUMAH SAKIT 11','09:00','17:00','13:00','06:00','20:00',480,240,'0','198501272010011001','1900-01-20 14:44:21','198501272010011001','1900-01-20 14:44:21','1','80;81;82;83;84;85;86'),
(50,'RS 12','RS 12','R12','JAM KERJA RUMAH SAKIT 12','06:00','14:00','10:00','03:00','17:00',480,240,'0','198501272010011001','1900-01-20 14:45:55','198501272010011001','1900-01-20 14:45:55','1','80;81;82;83;84;85;86'),
(51,'RS 13','RS 13','R13','JAM KERJA RUMAH SAKIT 13','13:00','19:00','16:00','10:00','22:00',360,180,'0','198501272010011001','1900-01-20 14:47:36','198501272010011001','1900-01-20 14:47:36','1','80;81;82;83;84;85;86'),
(52,'RS 14','RS 14','R14','JAM KERJA RUMAH SAKIT 14','07:00','13:00','10:00','04:00','16:00',360,180,'0','198501272010011001','1900-01-20 16:09:06','198501272010011001','1900-01-20 16:09:06','1','80;81;82;83;84;85;86'),
(53,'RS 15','RS 15','R15','JAM KERJA RUMAH SAKIT 15','10:00','17:00','13:30','07:00','20:00',420,210,'0','198501272010011001','1900-01-20 16:10:39','198501272010011001','1900-01-20 16:10:39','1','80;81;82;83;84;85;86'),
(54,'RS 16','RS 16','R16','JAM KERJA RUMAH SAKIT 16','13:00','19:30','16:15','10:00','22:00',390,195,'0','198501272010011001','1900-01-20 16:11:54','198501272010011001','1900-01-20 16:11:54','1','80;81;82;83;84;85;86'),
(55,'RS 17','RS 17','R17','JAM KERJA RUMAH SAKIT 17','09:00','16:00','12:30','06:00','19:00',420,210,'0','198501272010011001','1900-01-20 16:13:48','198501272010011001','1900-01-20 16:13:48','1','80;81;82;83;84;85;86'),
(56,'RS 18','RS 18','R18','JAM KERJA RUMAH SAKIT 18','13:00','20:00','16:30','10:00','23:00',420,210,'0','198501272010011001','1900-01-20 16:14:38','198501272010011001','1900-01-20 16:14:38','1','80;81;82;83;84;85;86'),
(57,'RS 19','RS 19','R19','JAM KERJA RUMAH SAKIT 19','14:00','20:00','17:00','11:00','23:00',360,180,'0','198501272010011001','1900-01-20 16:15:54','198501272010011001','1900-01-20 16:15:54','1','80;81;82;83;84;85;86'),
(58,'RS 20','RS 20','R20','JAM KERJA RUMAH SAKIT 20','20:00','07:00','23:30','17:00','10:00',660,330,'1','198501272010011001','1900-01-20 16:16:51','198501272010011001','1900-01-20 16:16:51','1','80;81;82;83;84;85;86'),
(59,'RS 21','RS 21','R21','JAM KERJA RUMAH SAKIT 21','09:00','18:00','13:30','06:00','21:00',540,270,'0','198501272010011001','1900-01-20 09:31:25','198501272010011001','1900-01-20 09:31:25','1','80;81;82;83;84;85;86'),
(60,'RS 22','RS 22','R22','JAM KERJA RUMAH SAKIT 22','09:00','14:00','11:30','06:00','17:00',300,150,'0','198501272010011001','1900-01-20 16:19:48','198501272010011001','1900-01-20 16:19:48','1','80;81;82;83;84;85;86'),
(61,'RS 23','RS 23','R23','JAM KERJA RUMAH SAKIT 23','09:00','15:00','12:00','06:00','18:00',360,180,'0','198501272010011001','1900-01-20 16:21:00','198501272010011001','1900-01-20 16:21:00','1','80;81;82;83;84;85;86'),
(62,'RS 24','RS 24','R24','JAM KERJA RUMAH SAKIT 24','10:00','17:00','13:30','07:00','20:00',420,210,'0','198501272010011001','1900-01-20 16:22:52','198501272010011001','1900-01-20 16:22:52','1','80;81;82;83;84;85;86'),
(63,'RS 25','RS 25','R25','JAM KERJA RUMAH SAKIT 25','11:00','15:00','13:00','08:00','18:00',240,120,'0','198501272010011001','1900-01-20 16:24:09','198501272010011001','1900-01-20 16:24:09','1','80;81;82;83;84;85;86'),
(64,'RS 26','RS 26','R26','JAM KERJA RUMAH SAKIT 26','10:00','16:00','13:00','07:00','19:00',360,180,'0','198501272010011001','1900-01-20 16:27:04','198501272010011001','1900-01-20 16:27:04','1','80;81;82;83;84;85;86'),
(65,'RS 27','RS 27','R27','JAM KERJA RUMAH SAKIT 27','12:00','19:00','15:30','09:00','22:00',420,210,'0','198501272010011001','1900-01-20 16:30:20','198501272010011001','1900-01-20 16:30:20','1','80;81;82;83;84;85;86'),
(66,'RS 28','RS 28','R28','JAM KERJA RUMAH SAKIT 28','06:00','13:00','09:30','03:00','16:00',420,210,'0','198501272010011001','1900-01-20 16:32:40','198501272010011001','1900-01-20 16:32:40','1','80;81;82;83;84;85;86'),
(67,'TU GUBERNUR 1  ','TU_GUB1','GUB1','TU GUBERNUR 1  ','08:00','21:00','14:30','05:00','24:00',780,390,'0','198501272010011001','1900-01-20 15:28:00','198501272010011001','1900-01-20 15:28:00','1','A2'),
(68,'TU WAGUB 1  ','TU_WAGUB1','WG1','TU WAKIL GUBERNUR 1  ','07:00','19:00','13:00','04:00','24:00',720,360,'0','198501272010011001','1900-01-20 15:29:14','198501272010011001','1900-01-20 15:29:14','1','A2'),
(69,'TU WAGUB 2  ','TU_WAGUB2  ','WG2  ','TU WAKIL GUBERNUR 2  ','15:30','07:00','23:15','12:30','14:00',930,465,'1','198501272010011001','1900-01-20 15:31:06','198501272010011001','1900-01-20 15:31:06','1','A2'),
(70,'BIRO UMUM SHIFT 4','BU_SHIFT 4','BU4','BIRO UMUM SHIFT 4','14:30','22:00','18:15','11:30','24:00',450,225,'0','198501272010011001','1900-01-20 15:35:25','198501272010011001','1900-01-20 15:35:25','1','A2'),
(71,'BIRO UMUM SHIFT 5','BU_SHIFT 5','BU5','BIRO UMUM SHIFT 5','22:00','07:00','23:30','19:00','14:00',540,270,'1','198501272010011001','1900-01-20 15:36:23','198501272010011001','1900-01-20 15:36:23','1','A2'),
(72,'KPU REGULER 1','KPU1','KPU1','KPU REGULER 1','07:30','16:00','11:45','04:30','23:00',510,255,'0','198809022011011004','1900-01-20 10:13:23','198809022011011004','1900-01-20 10:13:23','1',NULL),
(73,'KPU REGULER 2','KPU2','KPU2','KPU REGULER 2','07:30','16:30','12:00','04:30','23:30',540,270,'0','198809022011011004','1900-01-20 10:14:01','198809022011011004','1900-01-20 10:14:01','1',NULL),
(74,'SLBYPAC  SEMARANG 5 HARI KERJA','SLBYPAC 1','SLB1','SLBYPAC  SEMARANG 5 HARI KERJA (SENIN - KAMIS)','10:00','18:30','14:15','07:00','24:00',510,255,'0','198501272010011001','1900-01-20 16:29:25','198501272010011001','1900-01-20 16:29:25','1','D0'),
(75,'SLBYPAC  SEMARANG 5 HARI KERJA','SLBYPAC 2','SLB2','SLBYPAC  SEMARANG 5 HARI KERJA (JUMAT)','10:00','17:00','13:30','07:00','24:00',420,210,'0','197612112005021003','1900-01-20 15:07:10','197612112005021003','1900-01-20 15:07:10','1','D0'),
(76,'RS 29','RS 29','R29','JAM KERJA RUMAH SAKIT 29','07:00','16:00','11:30','04:00','19:00',540,270,'0','198501272010011001','1900-01-20 16:20:51','198501272010011001','1900-01-20 16:20:51','1','80;81;82;83;84;85;86'),
(77,'RS 30','RS 30','R30','JAM KERJA RUMAH SAKIT 30','06:00','15:00','10:30','03:00','18:00',540,270,'0','198501272010011001','1900-01-20 16:22:11','198501272010011001','1900-01-20 16:22:11','1','80;81;82;83;84;85;86'),
(78,'RS 31','RS 31','R31','JAM KERJA RUMAH SAKIT 31','07:00','11:30','09:15','04:00','14:30',270,135,'0','198501272010011001','1900-01-20 10:38:46','198501272010011001','1900-01-20 10:38:46','1','80;81;82;83;84;85;86'),
(79,'RS 32','RS 32','R32','JAM KERJA RUMAH SAKIT 32','07:00','12:00','09:30','04:00','15:00',300,150,'0','198501272010011001','1900-01-20 10:40:06','198501272010011001','1900-01-20 10:40:06','1','80;81;82;83;84;85;86'),
(80,'RS 33','RS 33','R33','JAM KERJA RUMAH SAKIT 33','07:00','13:30','10:15','04:00','16:30',390,195,'0','198501272010011001','1900-01-20 10:41:15','198501272010011001','1900-01-20 10:41:15','1','80;81;82;83;84;85;86'),
(81,'RS 34','RS 34','R34','JAM KERJA RUMAH SAKIT 34','13:30','20:30','17:00','10:30','23:00',420,210,'0','198501272010011001','1900-01-20 10:42:24','198501272010011001','1900-01-20 10:42:24','1','80;81;82;83;84;85;86'),
(82,'RS 35','RS 35','R35','JAM KERJA RUMAH SAKIT 35','20:30','07:00','23:30','18:30','10:00',630,315,'1','198501272010011001','1900-01-20 10:44:46','198501272010011001','1900-01-20 10:44:46','1','80;81;82;83;84;85;86'),
(83,'RS 36','RS 36','R36','JAM KERJA RUMAH SAKIT 36','20:30','06:30','23:30','17:30','09:30',600,300,'1','198501272010011001','1900-01-20 10:47:13','198501272010011001','1900-01-20 10:47:13','1','80;81;82;83;84;85;86'),
(84,'RS 37','RS 37','R37','JAM KERJA RUMAH SAKIT 37','09:00','16:00','12:30','06:00','19:00',420,210,'0','198501272010011001','1900-01-20 10:49:10','198501272010011001','1900-01-20 10:49:10','1','80;81;82;83;84;85;86'),
(85,'RS 38','RS 38','R38','JAM KERJA RUMAH SAKIT 38','05:00','12:00','08:30','02:00','15:00',420,210,'0','198501272010011001','1900-01-20 11:03:18','198501272010011001','1900-01-20 11:03:18','1','80;81;82;83;84;85;86'),
(86,'RS 39','RS 39','R39','JAM KERJA RUMAH SAKIT 39','05:30','12:30','09:00','02:30','15:30',420,210,'0','198501272010011001','1900-01-20 11:04:42','198501272010011001','1900-01-20 11:04:42','1','80;81;82;83;84;85;86'),
(87,'RS 40','RS 40','R40','JAM KERJA RUMAH SAKIT 40','11:30','18:30','15:00','08:30','21:00',420,210,'0','198501272010011001','1900-01-20 11:07:50','198501272010011001','1900-01-20 11:07:50','1','80;81;82;83;84;85;86'),
(88,'RS 41','RS 41','R41','JAM KERJA RUMAH SAKIT 41','13:30','20:00','16:45','10:30','23:00',390,195,'0','198501272010011001','1900-01-20 11:09:17','198501272010011001','1900-01-20 11:09:17','1','80;81;82;83;84;85;86'),
(89,'RS 42','RS 42','R42','JAM KERJA RUMAH SAKIT 42','20:30','06:30','23:30','17:30','09:30',600,300,'1','198501272010011001','1900-01-20 11:10:17','198501272010011001','1900-01-20 11:10:17','1','80;81;82;83;84;85;86'),
(90,'RS 43','RS 43','R43','JAM KERJA RUMAH SAKIT 43','11:00','18:00','14:30','08:00','21:00',420,210,'0','198501272010011001','1900-01-20 11:11:36','198501272010011001','1900-01-20 11:11:36','1','80;81;82;83;84;85;86'),
(91,'DKP 1','DKP 1','DKP1','DINAS KELAUTAN DAN PERIKANAN 1 ','07:00','14:30','10:45','04:00','21:30',450,225,'0','198501272010011001','1900-01-20 11:39:28','198501272010011001','1900-01-20 11:39:28','1','E6;80;81;82;83;84;85;86'),
(92,'DKP 2','DKP 2','DKP2','DINAS KELAUTAN DAN PERIKANAN 2','07:00','12:00','09:30','04:00','19:00',300,150,'0','198501272010011001','1900-01-20 11:40:26','198501272010011001','1900-01-20 11:40:26','1','E6'),
(93,'DKP 3','DKP 3','DKP3','DINAS KELAUTAN DAN PERIKANAN 3','06:00','15:00','10:30','03:00','22:00',540,270,'0','198501272010011001','1900-01-20 11:53:28','198501272010011001','1900-01-20 11:53:28','1','E6'),
(94,'DKP 4','DKP 4','DKP4','DINAS KELAUTAN DAN PERIKANAN 4','08:00','14:00','11:00','05:00','21:00',360,180,'0','198501272010011001','1900-01-20 11:56:28','198501272010011001','1900-01-20 11:56:28','1','E6'),
(95,'DISHUB1','DISHUB1','DP1','DINAS PERHUBUNGAN 1','12:00','17:30','14:45','09:00','24:00',330,165,'0','198501272010011001','1900-01-20 12:14:37','198501272010011001','1900-01-20 12:14:37','1','D9'),
(96,'DISHUB2','DISHUB2','DP2','DINAS PERHUBUNGAN 2','06:00','12:00','09:00','03:00','19:00',360,180,'0','198501272010011001','1900-01-20 12:21:32','198501272010011001','1900-01-20 12:21:32','1','D9'),
(97,'DISHUB3','DISHUB3','DP3','DINAS PERHUBUNGAN 3','06:30','16:30','11:30','03:30','23:30',600,300,'0','198501272010011001','1900-01-20 12:23:40','198501272010011001','1900-01-20 12:23:40','1','D9'),
(98,'DISHUB4','DISHUB4','DP4','DINAS PERHUBUNGAN 4','06:30','12:30','09:30','04:00','19:30',360,180,'0','198501272010011001','1900-01-20 12:26:17','198501272010011001','1900-01-20 12:26:17','1','D9'),
(99,'DISHUB5','DISHUB5','DP5','DINAS PERHUBUNGAN 5','11:30','18:00','14:45','08:30','24:00',390,195,'0','198501272010011001','1900-01-20 12:27:40','198501272010011001','1900-01-20 12:27:40','1','D9'),
(100,'DISHUB6','DISHUB6','DP6','DINAS PERHUBUNGAN 6','15:00','23:00','19:00','12:00','24:00',480,240,'0','198501272010011001','1900-01-20 12:31:31','198501272010011001','1900-01-20 12:31:31','1','D9'),
(101,'DSIHUB7','DISHUB7','DP7','DINAS PERHUBUNGAN 7','23:00','07:00','23:30','20:00','14:00',480,240,'1','198501272010011001','1900-01-20 12:34:20','198501272010011001','1900-01-20 12:34:20','1','D9'),
(102,'DISHUB8','DISHUB8','DP8','DINAS PERHUBUNGAN 8','07:00','15:00','11:00','03:00','21:00',480,240,'0','197608112000031005','1900-01-20 10:43:14','197608112000031005','1900-01-20 10:43:14','1','D9'),
(103,'DISHUB9','DISHUB9','DP9','DINAS PERHUBUNGAN 9','12:00','17:00','14:30','09:00','24:00',300,150,'0','198501272010011001','1900-01-20 12:38:45','198501272010011001','1900-01-20 12:38:45','1','D9'),
(104,'DISHUB10','DISHUB10','DP10','DINAS PERHUBUNGAN 10','06:00','18:00','12:00','03:00','24:00',720,360,'0','198501272010011001','1900-01-20 13:22:42','198501272010011001','1900-01-20 13:22:42','1','D9'),
(105,'DISHUB11','DISHUB11','DP11','DINAS PERHUBUNGAN 11','06:00','15:30','10:45','03:00','22:00',570,285,'0','198501272010011001','1900-01-20 12:42:25','198501272010011001','1900-01-20 12:42:25','1','D9'),
(106,'DISHUB12','DISHUB12','DP12','DINAS PERHUBUNGAN 12','07:30','15:30','11:30','04:30','22:30',480,240,'0','198501272010011001','1900-01-20 12:43:32','198501272010011001','1900-01-20 12:43:32','1','D9'),
(107,'DISHUB14','DISHUB14','DP14','DINAS PERHUBUNGAN 14','18:00','06:00','23:30','15:00','13:00',720,360,'1','198501272010011001','1900-01-20 12:50:44','198501272010011001','1900-01-20 12:50:44','1','D9'),
(108,'RS 44','RS 44','R44','JAM KERJA RUMAH SAKIT 44','05:00','13:00','09:00','02:00','16:00',480,240,'0','198501272010011001','1900-01-20 13:11:56','198501272010011001','1900-01-20 13:11:56','1','80;81;82;83;84;85;86'),
(109,'RS 45','RS 45','R45','JAM KERJA RUMAH SAKIT 45','06:30','14:00','10:15','03:30','17:00',450,225,'0','198501272010011001','1900-01-20 13:30:46','198501272010011001','1900-01-20 13:30:46','1','80;81;82;83;84;85;86'),
(110,'RS 46','RS 46','R46','JAM KERJA RUMAH SAKIT 46','10:00','15:00','12:30','07:00','18:00',300,150,'0','198501272010011001','1900-01-20 13:31:57','198501272010011001','1900-01-20 13:31:57','1','80;81;82;83;84;85;86'),
(111,'RS 47','RS 47','R47','JAM KERJA RUMAH SAKIT 47','13:00','17:00','15:00','10:00','20:00',240,120,'0','198501272010011001','1900-01-20 13:34:12','198501272010011001','1900-01-20 13:34:12','1','80;81;82;83;84;85;86'),
(112,'RS 48','RS 48','R48','JAM KERJA RUMAH SAKIT 48','04:30','11:30','08:00','01:30','14:30',420,210,'0','198501272010011001','1900-01-20 15:02:06','198501272010011001','1900-01-20 15:02:06','1','80;81;82;83;84;85;86'),
(113,'RS 49','RS 49','R49','JAM KERJA RUMAH SAKIT 49','12:00','19:00','15:30','11:00','22:00',420,210,'0','198501272010011001','1900-01-20 15:16:46','198501272010011001','1900-01-20 15:16:46','1','80;81;82;83;84;85;86'),
(114,'BPPD 1','BPPD 1','BPD1','BPPD SAMSAT INDUK 6 HARI KERJA SABTU','08:00','13:00','10:30','05:00','20:00',300,150,'0','198501272010011001','1900-01-20 15:22:03','198501272010011001','1900-01-20 15:22:03','1','B4'),
(115,'BPPD 2','BPPD 2','BPD2','BPPD SAMSAT MALAM DAN SAMSAT KELILING MALAM','13:00','20:30','16:45','10:00','24:00',450,225,'0','198501272010011001','1900-01-20 15:26:41','198501272010011001','1900-01-20 15:26:41','1','B4'),
(116,'BINA MARGA 1','BM 1','BM1','BINA MARGA 1','15:30','23:30','19:30','12:30','24:00',480,240,'0','198501272010011001','1900-01-20 07:52:14','198501272010011001','1900-01-20 07:52:14','1','D2'),
(117,'BINA MARGA 2','BM 2','BM2','BINA MARGA 2','23:30','07:00','23:30','20:30','14:00',450,225,'1','198501272010011001','1900-01-20 08:08:37','198501272010011001','1900-01-20 08:08:37','1','D2'),
(118,'BINA MARGA 3','BM 3','BM3','BINA MARGA 3','07:00','17:00','12:00','04:00','24:00',600,300,'0','198501272010011001','1900-01-20 08:10:50','198501272010011001','1900-01-20 08:10:50','1','D2'),
(119,'BINA MARGA 4','BM 4','BM4','BINA MARGA 4','17:00','07:00','23:30','15:00','14:00',840,420,'1','198501272010011001','1900-01-20 08:11:58','198501272010011001','1900-01-20 08:11:58','1','D2'),
(120,'BINA MARGA 5','BM 5','BM5','BINA MARGA 5','07:00','19:00','13:00','04:00','24:00',720,360,'0','198501272010011001','1900-01-20 08:12:55','198501272010011001','1900-01-20 08:12:55','1','D2'),
(121,'BINA MARGA 6','BM 6','BM6','BINA MARGA 6','19:00','07:00','23:30','16:00','14:00',720,360,'1','198501272010011001','1900-01-20 08:13:57','198501272010011001','1900-01-20 08:13:57','1','D2'),
(122,'BINA MARGA 7','BM 7','BM7','BINA MARGA 7','06:00','14:00','10:00','03:00','21:00',480,240,'0','198501272010011001','1900-01-20 08:16:03','198501272010011001','1900-01-20 08:16:03','1','D2'),
(123,'BINA MARGA 8','BM 8','BM8','BINA MARGA 8','14:00','19:00','16:30','11:00','24:00',300,150,'0','198501272010011001','1900-01-20 08:17:16','198501272010011001','1900-01-20 08:17:16','1','D2'),
(124,'BINA MARGA 9','BM 9','BM9','BINA MARGA 9','19:00','06:00','23:30','16:00','13:00',660,330,'1','198501272010011001','1900-01-20 08:19:56','198501272010011001','1900-01-20 08:19:56','1','D2'),
(125,'DINKOP 1','DINKOP 1','KOP1','DINAS KOPERASI, USAHA KECIL DAN MENENGAH','15:30','21:00','18:15','12:30','24:00',330,165,'0','198501272010011001','1900-01-20 08:37:49','198501272010011001','1900-01-20 08:37:49','1','E2'),
(126,'DINKOP 2','DINKOP 2','KOP2','DINAS KOPERASI, USAHA KECIL DAN MENENGAH','16:00','21:00','18:30','13:00','24:00',300,150,'0','198501272010011001','1900-01-20 08:43:04','198501272010011001','1900-01-20 08:43:04','1','E2'),
(127,'DINKOP 3','DINKOP 3','KOP3','DINAS KOPERASI, USAHA KECIL DAN MENENGAH','08:00','11:00','09:30','05:00','18:00',180,90,'0','198501272010011001','1900-01-20 08:44:18','198501272010011001','1900-01-20 08:44:18','1','E2'),
(128,'RS 50','RS 50','R50','JAM KERJA RUMAH SAKIT 50','05:00','12:00','08:30','02:00','15:00',420,210,'0','198501272010011001','1900-01-20 09:48:33','198501272010011001','1900-01-20 09:48:33','1','80;81;82;83;84;85;86'),
(129,'KPU1','KPU_1','KPU1','KPU JADWAL 1','07:30','16:00','11:45','04:30','23:00',510,255,'0','198501272010011001','1900-01-20 15:44:43','198501272010011001','1900-01-20 15:44:43','1',NULL),
(130,'KPU2','KPU_2','KPU2','KPU JADWAL 2','07:30','16:30','12:00','04:30','23:30',540,270,'0','198501272010011001','1900-01-20 15:46:58','198501272010011001','1900-01-20 15:46:58','1',NULL),
(131,'RS 51','RS 51','R51','JAM KERJA RUMAH SAKIT 51','05:30','13:00','09:15','02:30','16:00',450,225,'0','198501272010011001','1900-01-20 16:04:56','198501272010011001','1900-01-20 16:04:56','1','80;81;82;83;84;85;86'),
(132,'RS 52','RS 52','R52','JAM KERJA RUMAH SAKIT 52','08:00','15:30','11:45','05:00','18:30',450,225,'0','198501272010011001','1900-01-20 16:19:22','198501272010011001','1900-01-20 16:19:22','1','80;81;82;83;84;85;86'),
(133,'SATPOL SIFT 1','PJ_SATPOL1','POL1','SATPOL SIFT 1','07:00','15:00','11:00','04:00','16:00',480,240,'0','198501272010011001','1900-01-20 13:18:10','198501272010011001','1900-01-20 13:18:10','1','C0,D0'),
(134,'SATPOL SIFT 2','PJ_SATPOL2','POL2','SATPOL SIFT 2','15:00','23:00','19:00','12:00','24:00',480,240,'0','198501272010011001','1900-01-20 10:15:47','198501272010011001','1900-01-20 10:15:47','1','C0,D0'),
(135,'SATPOL SIFT 3','PJ_SATPOL3','POL3','SATPOL SIFT 3','23:00','07:00','23:30','20:00','12:00',480,240,'1','198501272010011001','1900-01-20 13:20:16','198501272010011001','1900-01-20 13:20:16','1','C0,D0'),
(136,'DLHK 1','DLHK 1','LHK1','DLHK 1','08:00','16:00','12:00','05:00','23:00',480,240,'0','198501272010011001','1900-01-20 11:09:32','198501272010011001','1900-01-20 11:09:32','1','E7'),
(137,'DLHK 2','DLHK 2','LHK2','DLHK 2','20:00','04:00','23:30','17:00','11:00',480,240,'1','198501272010011001','1900-01-20 11:11:08','198501272010011001','1900-01-20 11:11:08','1','E7'),
(138,'DINKES SIFT 1','DINKES1','KES1','DINKES SIFT 1','14:00','20:00','17:00','11:00','24:00',360,180,'0','198501272010011001','1900-01-20 11:57:17','198501272010011001','1900-01-20 11:57:17','1','D1'),
(139,'DINKES SIFT 2','DINKES2','KES2','DINKES SIFT 2','14:00','21:00','17:30','11:00','24:00',420,210,'0','198501272010011001','1900-01-20 11:58:56','198501272010011001','1900-01-20 11:58:56','1','D1'),
(140,'DINKES SIFT 3','DINKES3','KES3','DINKES SIFT 3','20:00','07:00','23:30','17:00','14:00',660,330,'1','198501272010011001','1900-01-20 12:04:02','198501272010011001','1900-01-20 12:04:02','1','D1'),
(141,'DINKES SIFT 4','DINKES4','KES4','DINKES SIFT 4','21:00','07:00','23:30','18:00','15:00',600,300,'1','198501272010011001','1900-01-20 12:05:09','198501272010011001','1900-01-20 12:05:09','1','D1'),
(142,'DINKES SIFT 5','DINKES5','KES5','DINKES SIFT 5','14:00','18:00','16:00','11:00','24:00',240,120,'0','198501272010011001','1900-01-20 12:05:51','198501272010011001','1900-01-20 12:05:51','1','D1'),
(143,'DINKES SIFT 6','DINKES6','KES6','DINKES SIFT 6','14:00','19:30','16:45','11:00','24:00',330,165,'0','198501272010011001','1900-01-20 12:06:28','198501272010011001','1900-01-20 12:06:28','1','D1'),
(144,'PUASA 3','PS3','PS3','JADWAL PUASA  6 HARI KERJA ','08:00','14:00','11:00','05:00','21:00',360,180,'0','198501272010011001','1900-01-20 09:02:48','198501272010011001','1900-01-20 09:02:48','1',NULL),
(145,'PUASA 4','PS4','PS4','JADWAL PUASA  6 HARI KERJA ','08:00','14:30','11:15','05:00','21:30',390,195,'0','198501272010011001','1900-01-20 09:03:35','198501272010011001','1900-01-20 09:03:35','1',NULL),
(146,'RS 53','RS 53','R53','JAM KERJA RUMAH SAKIT 53','07:30','14:30','11:00','04:30','17:30',420,210,'0','198501272010011001','1900-01-20 16:11:01','198501272010011001','1900-01-20 16:11:01','1','80;81;82;83;84;85;86'),
(147,'RS 54','RS 54','R54','JAM KERJA RUMAH SAKIT 54','07:30','15:00','11:15','04:30','21:00',450,225,'0','198501272010011001','1900-01-20 16:11:51','198501272010011001','1900-01-20 16:11:51','1','80;81;82;83;84;85;86'),
(148,'RS 55','RS 55','R55','JAM KERJA RUMAH SAKIT 55','07:30','13:30','10:30','04:30','16:30',360,180,'0','198501272010011001','1900-01-20 16:12:53','198501272010011001','1900-01-20 16:12:53','1','80;81;82;83;84;85;86;D1'),
(149,'RS 56','RS 56','R56','JAM KERJA RUMAH SAKIT 56','07:30','11:00','09:15','04:30','14:00',210,105,'0','198501272010011001','1900-01-20 16:13:48','198501272010011001','1900-01-20 16:13:48','1','80;81;82;83;84;85;86'),
(150,'RS 57','RS 57','R57','JAM KERJA RUMAH SAKIT 57','07:30','12:30','10:00','04:30','15:30',300,150,'0','198501272010011001','1900-01-20 16:14:25','198501272010011001','1900-01-20 16:14:25','1','80;81;82;83;84;85;86'),
(151,'PUASA 5','PS5','PS5','JADWAL PUASA 6 HARI KERJA','08:00','11:00','09:30','05:00','18:00',180,90,'0','198501272010011001','1900-01-20 13:56:51','198501272010011001','1900-01-20 13:56:51','1',NULL),
(152,'PUASA 6','PS6','PS6','JADWAL PUASA SLBYPAC 1','09:00','16:00','12:30','06:00','23:00',420,210,'0','198501272010011001','1900-01-20 13:58:44','198501272010011001','1900-01-20 13:58:44','1','D0'),
(153,'PUASA 7','PS7','PS7','JADWAL PUASA SLBYPAC 2','09:00','16:30','12:45','06:00','23:30',450,225,'0','198501272010011001','1900-01-20 13:59:40','198501272010011001','1900-01-20 13:59:40','1','D0'),
(154,'RS 58','RS 58','R58','JAM KERJA RUMAH SAKIT 58','07:00','14:30','10:45','04:00','17:30',450,225,'0','198501272010011001','1900-01-20 08:54:48','198501272010011001','1900-01-20 08:54:48','1','80;81;82;83;84;85;86'),
(155,'RS 59','RS 59','R59','JAM KERJA RUMAH SAKIT 59','07:30','14:00','10:45','04:30','17:00',390,195,'0','198501272010011001','1900-01-20 08:56:10','198501272010011001','1900-01-20 08:56:10','1','80;81;82;83;84;85;86;D1'),
(156,'RS 60','RS 60','R60','JAM KERJA RUMAH SAKIT 60','07:00','11:00','09:00','04:00','14:00',240,120,'0','198501272010011001','1900-01-20 08:57:16','198501272010011001','1900-01-20 08:57:16','1','80;81;82;83;84;85;86'),
(157,'RS 61','RS 61','R61','JAM KERJA RUMAH SAKIT 61','07:30','12:00','09:45','04:30','15:00',270,135,'0','198501272010011001','1900-01-20 08:57:59','198501272010011001','1900-01-20 08:57:59','1','80;81;82;83;84;85;86'),
(158,'RS 62','RS 62','R62','sift pagi','06:00','13:30','09:45','03:00','16:30',450,225,'0','198501272010011001','1900-01-20 15:23:41','198501272010011001','1900-01-20 15:23:41','1','80;81;82;83;84;85;86'),
(159,'RS 63','RS 63','R63','Longsift I','07:00','21:00','14:00','04:00','23:58',840,420,'0','198501272010011001','1900-01-20 15:26:12','198501272010011001','1900-01-20 15:26:12','1','80;81;82;83;84;85;86;D1'),
(160,'RS 64','RS 64','R64','Longsift II','14:00','07:00','22:30','11:00','10:00',1020,510,'1','198501272010011001','1900-01-20 16:04:38','198501272010011001','1900-01-20 16:04:38','1','80;81;82;83;84;85;86'),
(161,'RS 65','RS 65','R65','Longsift III','21:00','14:00','23:30','19:00','17:00',1020,510,'1','198501272010011001','1900-01-20 16:06:11','198501272010011001','1900-01-20 16:06:11','1','80;81;82;83;84;85;86'),
(162,'PUASA 8','PS8','PS8','JADWAL PUASA DISDIKBUD SENIN - KAMIS ','07:30','14:30','11:00','04:30','21:30',420,210,'0','198809022011011004','1900-01-20 08:33:49','198809022011011004','1900-01-20 08:33:49','1','D0'),
(163,'PUASA 9','PS9','PS9','JADWAL PUASA 5 HARI KERJA (SENIN-KAMIS)','07:30','15:00','11:15','04:30','22:00',450,225,'0','198809022011011004','1900-01-20 08:34:48','198809022011011004','1900-01-20 08:34:48','1',NULL),
(164,'PUASA 10','PS10','PS10','JADWAL PUASA 5 HARI KERJA (JUMAT)','07:30','13:30','10:30','04:30','20:30',360,180,'0',NULL,NULL,NULL,NULL,'1',NULL),
(165,'PUASA 11','PS11','PS11','JADWAL PUASA 6 HARI KERJA (SENIN-KAMIS)','07:30','14:00','10:45','04:30','21:00',390,195,'0','198809022011011004','1900-01-20 13:40:16','198809022011011004','1900-01-20 13:40:16','1',NULL),
(166,'DISHUB15','DISHUB15','DP15','DINAS PERHUBUNGAN 15','13:00','21:00','17:00','11:00','24:00',480,240,'0','198501272010011001','1900-01-20 15:14:14','198501272010011001','1900-01-20 15:14:14','1','D9'),
(167,'DISHUB16','DISHUB16','DP16','DINAS PERHUBUNGAN 16','21:00','07:00','23:00','18:00','10:00',600,300,'1','198501272010011001','1900-01-20 15:15:36','198501272010011001','1900-01-20 15:15:36','1','D9'),
(425,'RS 66','RS 66','R66','JAM KERJA RUMAH SAKIT 66','09:30','18:00','13:45','06:30','21:00',510,255,'0','198501272010011001','1900-01-20 16:04:12','198501272010011001','1900-01-20 16:04:12','1','80;81;82;83;84;85;86'),
(427,'RS 67','RS 67','R67','JAM KERJA RUMAH SAKIT 67','12:30','21:00','16:45','09:30','23:59',510,255,'0','198501272010011001','1900-01-20 16:07:24','198501272010011001','1900-01-20 16:07:24','1','80;81;82;83;84;85;86'),
(428,'RS 68','RS 68','R68','JAM KERJA RUMAH SAKIT 68','09:00','17:30','13:15','06:00','20:30',510,255,'0','198501272010011001','1900-01-20 16:09:03','198501272010011001','1900-01-20 16:09:03','1','80;81;82;83;84;85;86'),
(429,'RS 69','RS 69','R69','JAM KERJA RUMAH SAKIT 69','11:00','16:30','13:45','08:00','19:30',330,165,'0','198501272010011001','1900-01-20 16:10:21','198501272010011001','1900-01-20 16:10:21','1','80;81;82;83;84;85;86'),
(430,'RS 70','RS 70','R70','JAM KERJA RUMAH SAKIT 70','10:30','18:00','14:15','07:30','21:00',450,225,'0','198501272010011001','1900-01-20 16:11:25','198501272010011001','1900-01-20 16:11:25','1','80;81;82;83;84;85;86'),
(431,'RS 71','RS 71','R71','JAM KERJA RUMAH SAKIT 71','08:00','17:00','12:30','05:00','20:00',540,270,'0','198501272010011001','1900-01-20 16:13:33','198501272010011001','1900-01-20 16:13:33','1','80;81;82;83;84;85;86'),
(432,'RS 72','RS 72','R72','JAM KERJA RUMAH SAKIT 72','05:30','13:30','09:30','02:30','16:30',480,240,'0','198501272010011001','1900-01-20 16:14:37','198501272010011001','1900-01-20 16:14:37','1','80;81;82;83;84;85;86'),
(433,'RS 73','RS 73','R73','JAM KERJA RUMAH SAKIT 73','07:30','16:00','11:45','04:30','19:00',510,255,'0','198501272010011001','1900-01-20 16:22:10','198501272010011001','1900-01-20 16:22:10','1','80;81;82;83;84;85;86'),
(434,'RS 74','RS 74','R74','JAM KERJA RUMAH SAKIT 74','11:00','19:30','15:15','08:00','22:30',510,255,'0','198501272010011001','1900-01-20 16:23:56','198501272010011001','1900-01-20 16:23:56','1','80;81;82;83;84;85;86'),
(435,'RS 75','RS 75','R75','JAM KERJA RUMAH SAKIT 75','10:00','14:00','12:00','07:00','17:00',240,120,'0','198501272010011001','1900-01-20 16:24:57','198501272010011001','1900-01-20 16:24:57','1','80;81;82;83;84;85;86'),
(436,'RS 76','RS 76','R76','JAM KERJA RUMAH SAKIT 76','10:00','15:30','12:45','07:00','18:30',330,165,'0','198501272010011001','1900-01-20 16:26:01','198501272010011001','1900-01-20 16:26:01','1','80;81;82;83;84;85;86'),
(437,'RS 77','RS 77','R77','JAM KERJA RUMAH SAKIT 77','08:00','16:30','12:15','05:00','19:30',510,255,'0','198501272010011001','1900-01-20 16:27:13','198501272010011001','1900-01-20 16:27:13','1','80;81;82;83;84;85;86'),
(438,'RS 78','RS 78','R78','JAM KERJA RUMAH SAKIT 78','08:00','16:30','12:15','05:00','19:30',510,255,'0','198501272010011001','1900-01-20 16:29:53','198501272010011001','1900-01-20 16:29:53','1','80;81;82;83;84;85;86'),
(439,'RS 79','RS 79','R79','JAM KERJA RUMAH SAKIT 79','09:00','14:30','11:45','06:00','17:30',330,165,'0','198501272010011001','1900-01-20 16:31:13','198501272010011001','1900-01-20 16:31:13','1','80;81;82;83;84;85;86'),
(440,'RS 80','RS 80','R80','JAM KERJA RUMAH SAKIT 80','06:00','14:30','10:15','03:00','17:30',510,255,'0','198501272010011001','1900-01-20 16:32:20','198501272010011001','1900-01-20 16:32:20','1','80;81;82;83;84;85;86'),
(441,'RS 81','RS 81','R81','JAM KERJA RUMAH SAKIT 81','11:00','19:30','15:15','08:00','22:30',510,255,'0','198501272010011001','1900-01-20 16:33:14','198501272010011001','1900-01-20 16:33:14','1','80;81;82;83;84;85;86'),
(442,'RS 82','RS 82','R82','MOD (Manager On Duty)','00:30','08:00','04:15','00:00','11:00',450,225,'0','198501272010011001','1900-01-20 14:10:23','198501272010011001','1900-01-20 14:10:23','1','80;81;82;83;84;85;86'),
(445,'RS 83','RS 83','R83','JAM KERJA RUMAH SAKIT 83','11:30','20:00','15:45','08:30','23:00',510,255,'0','198501272010011001','1900-01-20 08:30:22','198501272010011001','1900-01-20 08:30:22','1','80;81;82;83;84;85;86'),
(446,'RS 84','RS 84','R84','JAM KERJA RUMAH SAKIT 84','12:30','20:00','16:15','09:30','23:00',450,225,'0','198501272010011001','1900-01-20 08:31:09','198501272010011001','1900-01-20 08:31:09','1','80;81;82;83;84;85;86'),
(447,'RS 85','RS 85','R85','Longsift IV','07:00','20:30','13:45','04:00','23:30',810,405,'0','198501272010011001','1900-01-20 15:38:23','198501272010011001','1900-01-20 15:38:23','1','80;81;82;83;84;85;86'),
(448,'RS 86','RS 86','R86','Longsift V','13:30','07:00','23:45','10:30','10:00',630,315,'1','198501272010011001','1900-01-20 15:41:40','198501272010011001','1900-01-20 15:41:40','1','80;81;82;83;84;85;86'),
(449,'RS 87','RS 87','R87','JAM KERJA RUMAH SAKIT 87','08:30','15:30','12:00','05:30','18:30',420,210,'0','198501272010011001','1900-01-20 14:13:52','198501272010011001','1900-01-20 14:13:52','1','80;81;82;83;84;85;86'),
(450,'RS 88','RS 88','R88','JAM KERJA RUMAH SAKIT 88','09:30','16:30','13:00','06:30','19:30',420,210,'0','198501272010011001','1900-01-20 14:14:09','198501272010011001','1900-01-20 14:14:09','1','80;81;82;83;84;85;86'),
(451,'KPU3','KPU REGULER 3','KPU3','KPU REGULER 3','08:00','16:00','12:00','05:00','23:00',480,240,'0','198501272010011001','1900-01-20 08:45:43','198501272010011001','1900-01-20 08:45:43','1',NULL),
(452,'KPU4','KPU REGULER 4','KPU4','KPU REGULER 4','08:00','16:30','12:15','05:00','23:30',510,255,'0','198501272010011001','1900-01-20 08:46:25','198501272010011001','1900-01-20 08:46:25','1',NULL),
(453,'DISHUB17','DISHUB17','DP17','DINAS PERHUBUNGAN 17','06:30','14:30','10:30','03:30','21:30',480,240,'0','198501272010011001','1900-01-20 11:40:32','198501272010011001','1900-01-20 11:40:32','1','D9'),
(454,'DISHUB18','DISHUB18','DP18','DINAS PERHUBUNGAN 18','14:30','21:30','17:45','10:30','23:58',390,195,'0','198501272010011001','1900-01-20 11:42:06','198501272010011001','1900-01-20 11:42:06','1','D9'),
(455,'RS 89','RS 89','R89','JAM KERJA RUMAH SAKIT 89','12:00','20:30','16:15','09:00','23:30',510,255,'0','198501272010011001','1900-01-20 14:12:43','198501272010011001','1900-01-20 14:12:43','1','80;81;82;83;84;85;86'),
(456,'RS 90','RS 90','R90','JAM KERJA RUMAH SAKIT 90','11:30','20:30','16:00','08:30','23:30',540,270,'0','198501272010011001','1900-01-20 14:13:42','198501272010011001','1900-01-20 14:13:42','1','80;81;82;83;84;85;86'),
(457,'DISHUB19','DISHUB19','DP19','DISHUB19','07:00','17:00','12:00','04:00','20:00',600,300,'0','198501272010011001','1900-01-20 07:16:43','198501272010011001','1900-01-20 07:16:43','1','D9'),
(458,'Reguler 3','RG 3','RG3','Jam Kerja Reguler Hari Jumat jam 07.00 - 14.00','07:01','14:00','10:30','04:00','21:00',419,209,'0','199408152019022003','1900-01-20 07:36:40','199408152019022003','1900-01-20 07:36:40','1',NULL),
(459,'DISHUB20','DISHUB20','DP20','DINAS PERHUBUNGAN 20','06:00','14:00','10:00','04:00','21:00',480,240,'0','198501272010011001','1900-01-20 07:35:58','198501272010011001','1900-01-20 07:35:58','1','D9'),
(460,'DISHUB21','DISHUB21','DP21','DINAS PERHUBUNGAN 21','12:00','20:00','16:00','09:00','23:30',480,240,'0','198501272010011001','1900-01-20 07:42:09','198501272010011001','1900-01-20 07:42:09','1','D9'),
(461,'PUASA 12','PS12','PS12','JADWAL PUASA 6 HARI KERJA (SABTU)','07:30','12:00','09:45','04:30','19:00',270,135,'0','198809022011011004','1900-01-20 14:18:13','198809022011011004','1900-01-20 14:18:13','1',NULL),
(462,'PUASA 13','PS13','PS13','JADWAL PUASA 6 HARI KERJA (JUMAT)','07:30','11:00','08:45','04:30','18:00',210,105,'0',NULL,NULL,NULL,NULL,'1',NULL),
(463,'PUASA 14','PS14','PS14','JADWAL PUASA 6 HARI KERJA (SABTU)','07:30','12:30','10:00','04:30','19:30',300,150,'0','198809022011011004','1900-01-20 14:18:18','198809022011011004','1900-01-20 14:18:18','1',NULL),
(464,'RS 91','RS 91','R91','RS sift pagi ','08:00','18:00','13:00','06:00','21:00',600,300,'0','198809022011011004','1900-01-20 19:00:04','198809022011011004','1900-01-20 19:00:04','1','80;81;82;83;84;85;86'),
(465,'RS 92','RS 92','R92','RS Sift Malam ','19:00','05:00','23:30','16:00','08:00',600,300,'1','198809022011011004','1900-01-20 19:01:32','198809022011011004','1900-01-20 19:01:32','1','80;81;82;83;84;85;86'),
(466,'Hari Besar Kenegaraan','HBN','HBN','Hari Besar Kenegaraan (Upacara 17 Agustus, Sumpah Pemuda)','00:00','00:00','00:00','00:00','00:00',0,0,'0','197612112005021003','1900-01-20 13:45:03','197612112005021003','1900-01-20 13:45:03','1',NULL),
(467,'PKD_VO','PKD_VO','PJVO','Jam kerja Tenaga Keamanan Full Time','07:00','07:00','19:00','04:00','12:00',1440,720,'1','198501272010011001','1900-01-20 11:29:43','198501272010011001','1900-01-20 11:29:43','1',NULL),
(468,'RS 93','RS 93','R93','JAM KERJA RUMAH SAKIT 93','04:00','10:30','07:15','01:00','17:30',390,195,'0','198809022011011004','1900-01-20 09:47:26','198809022011011004','1900-01-20 09:47:26','1','80;81;82;83;84;85;86'),
(469,'RS 94','RS 94','R94','JAM KERJA RUMAH SAKIT 94','09:00','15:30','12:15','06:00','22:30',390,195,'0','198809022011011004','1900-01-20 09:48:51','198809022011011004','1900-01-20 09:48:51','1','80;81;82;83;84;85;86'),
(470,'RS 95','RS 95','R95','JAM KERJA RUMAH SAKIT 95','05:45','12:15','09:00','02:45','19:15',390,195,'0','198809022011011004','1900-01-20 09:50:10','198809022011011004','1900-01-20 09:50:10','1','80;81;82;83;84;85;86'),
(471,'RS 96','RS 96','R96','JAM KERJA RUMAH SAKIT 96','05:30','11:30','08:30','02:30','18:30',360,180,'0','198809022011011004','1900-01-20 09:51:12','198809022011011004','1900-01-20 09:51:12','1','80;81;82;83;84;85;86'),
(472,'RS 97','RS 97','R97','JAM KERJA RUMAH SAKIT 97','12:00','18:00','15:00','09:00','24:00',360,180,'0','198809022011011004','1900-01-20 09:59:00','198809022011011004','1900-01-20 09:59:00','1','80;81;82;83;84;85;86'),
(473,'RS 98','RS 98','R98','JAM KERJA RUMAH SAKIT 98','11:00','18:30','14:45','08:00','24:00',450,225,'0','198809022011011004','1900-01-20 10:50:51','198809022011011004','1900-01-20 10:50:51','1','80;81;82;83;84;85;86'),
(474,'RS 99','RS 99','R99','JAM KERJA RUMAH SAKIT 99','13:00','18:30','15:45','10:00','24:00',330,165,'0','198809022011011004','1900-01-20 10:51:43','198809022011011004','1900-01-20 10:51:43','1','80;81;82;83;84;85;86'),
(476,'PUASA 15','PS15','PS15','JADWAL PUASA 6 HARI KERJA (JUMAT)','07:30','11:30','09:30','04:30','18:30',240,120,'0','198501272010011001','1900-01-20 11:49:52','198501272010011001','1900-01-20 11:49:52','1',NULL),
(477,'DLHK 3','DLHK 3','LHK3','DLHK 3','08:00','15:30','11:45','05:00','22:30',450,225,'0','198809022011011004','1900-01-20 14:06:37','198809022011011004','1900-01-20 14:06:37','1','E7'),
(478,'DLHK 4','DLHK 4','LHK4','DLHK 4','20:00','02:30','23:15','17:00','09:30',390,195,'1','198809022011011004','1900-01-20 14:07:14','198809022011011004','1900-01-20 14:07:14','1','E7'),
(479,'RS 100','RS 100','R100','JAM KERJA RUMAH SAKIT 100','07:30','13:00','10:15','04:30','20:00',330,165,'0','198809022011011004','1900-01-20 11:29:38','198809022011011004','1900-01-20 11:29:38','1','80;81;82;83;84;85;86');

/*Table structure for table `konfigurasi` */

DROP TABLE IF EXISTS `konfigurasi`;

CREATE TABLE `konfigurasi` (
  `id` varchar(64) NOT NULL,
  `nama` varchar(64) DEFAULT NULL,
  `value` varchar(255) DEFAULT NULL,
  `keterangan` varchar(255) DEFAULT NULL,
  `urut` varchar(3) DEFAULT NULL,
  PRIMARY KEY (`id`),
  KEY `INDEX` (`nama`,`value`)
) ENGINE=InnoDB DEFAULT CHARSET=latin1;

/*Data for the table `konfigurasi` */

insert  into `konfigurasi`(`id`,`nama`,`value`,`keterangan`,`urut`) values 
('batas_alpha','Batas Alpha dalam 1 Bulan','0','hari','02'),
('batas_kwk','Batas Kekurangan Waktu Kerja','0','menit','01');

/*Table structure for table `module` */

DROP TABLE IF EXISTS `module`;

CREATE TABLE `module` (
  `id` varchar(64) NOT NULL,
  `name` char(128) DEFAULT NULL,
  `description` char(255) DEFAULT NULL,
  `level` char(8) DEFAULT NULL,
  `parent` char(32) DEFAULT NULL,
  `controller` char(255) DEFAULT NULL,
  `icon` char(32) DEFAULT NULL,
  `type` enum('menu','action') DEFAULT NULL,
  `status` enum('1','0') DEFAULT NULL,
  PRIMARY KEY (`id`),
  KEY `INDEX` (`type`,`status`)
) ENGINE=InnoDB DEFAULT CHARSET=latin1;

/*Data for the table `module` */

insert  into `module`(`id`,`name`,`description`,`level`,`parent`,`controller`,`icon`,`type`,`status`) values 
('01','Setting','Setting','0','0','#','build','menu','1'),
('0101','Konfigurasi','Konfigurasi Aplikasi','1','01','setting/configuration','settings','menu','1'),
('0102','Hak Akses','Manajemen Hak Akses','1','01','setting/privilege','accessibility','menu','1'),
('0103','Note','Catatan','1','01','setting/note','note','menu','1'),
('02','Jadwal','Jadwal Kerja','0','0','#','today','menu','1'),
('0201','Jadwal Saya','Jadwal Saya','1','02','jadwal/saya','today','menu','1'),
('0202','Hari Libur','Hari Libur','1','02','jadwal/libur','event','menu','1'),
('0203','Jam Kerja','Jam Kerja','1','02','jadwal/jam','alarm','menu','1'),
('0204','Jadwal Kerja','Jadwal Kerja','1','02','jadwal/kerja','business_center','menu','1'),
('03','Izin','Izin','0','0','#','mail','menu','1'),
('0301','Izin Saya','Izin Saya','1','03','izin/saya','mail','menu','1'),
('0302','Data Izin','Data Izin','1','03','izin/setuju','mail','menu','1'),
('04','Data','Data','0','0','#','storage','menu','1'),
('0401','Presensi','Data Presensi','1','04','data/presensi','fingerprint','menu','1'),
('0402','Presensi 2','Presensi 2','1','04','data/presensi2','people','menu','0'),
('05','Rekap Absen','Rekapitulasi Absen','0','0','#','description','menu','1'),
('0501','Absen Saya','Absen Saya','1','05','rekapitulasi/saya','person_outline','menu','1'),
('0502','SKPD','Rekap SKPD','1','05','rekapitulasi/skpd','people','menu','1'),
('0503','Personal','Rekap Personal','1','05','rekapitulasi/personal','person','menu','1'),
('0504','Bulanan','Rekap Bulanan','1','05','rekapitulasi/bulanan','event','menu','1'),
('0505','Laporan PKP I','Laporan PKP I','1','05','rekapitulasi/pkp1','event_note','menu','1'),
('0506','Laporan PKP II','Laporan PKP II','1','05','rekapitulasi/pkp2','description','menu','1'),
('0507','Laporan PKP III','Laporan PKP III','1','05','rekapitulasi/pkp3','assessment','menu','1'),
('0508','Laporan PKP IV','Laporan PKP IV','1','05','rekapitulasi/pkp4','assignment_ind','menu','1'),
('0509','Laporan PKP V','Laporan PKP V','1','05','rekapitulasi/pkp5','chrome_reader_mode','menu','1'),
('0510','Laporan PKP VI','Laporan PKP VI','1','05','rekapitulasi/pkp6','date_range','menu','1'),
('0511','Laporan PKP VII','Laporan PKP VII','1','05','rekapitulasi/pkp7','toc','menu','1'),
('0512','Laporan PKP VIII','Laporan PKP VIII','1','05','rekapitulasi/pkp8','assignment_late','menu','1'),
('0513','Statistik','Statistik','1','05','rekapitulasi/statistik','trending_up','menu','1');

/*Table structure for table `note` */

DROP TABLE IF EXISTS `note`;

CREATE TABLE `note` (
  `id` varchar(32) NOT NULL,
  `teks` text DEFAULT NULL,
  PRIMARY KEY (`id`)
) ENGINE=InnoDB DEFAULT CHARSET=latin1;

/*Data for the table `note` */

insert  into `note`(`id`,`teks`) values 
('privat','<ol style=\"color: rgb(0, 0, 0); font-family: Verdana, Arial, Helvetica, sans-serif; font-size: 14px;\"><li>Input <strong>Jadwal Pegawai</strong> dan Input <strong>Izin Ketidakhadiran</strong> paling lambat <strong>tanggal 5 bulan berikutnya</strong></li><li>Apabila belum Input<strong> Jadwal Pegawai, Data Presensi </strong>di<strong> SINAGA Mobile </strong>tidak akan muncul</li><li><strong>JANGAN LUPA </strong>untuk menyimpan <em><strong>Data Presensi</strong></em> Setiap akhir bulan</li><li>Jadwal Bulan Ramadhan untuk 6 hari Kerja menggunakan Kode <strong>PS 3</strong> dan <strong>PS 4 </strong>sedangkan untuk 5 hari Kerja menggunakan Kode  <strong>PS 1</strong> dan <strong>PS 2</strong></li></ol><p style=\"color: rgb(0, 0, 0); font-family: Verdana, Arial, Helvetica, sans-serif; font-size: 14px;\">Informasi selengkapnya hubungi :</p><p style=\"color: rgb(0, 0, 0); font-family: Verdana, Arial, Helvetica, sans-serif; font-size: 14px;\"><strong>Badan Kepegawaian Daerah Provinsi Jawa Tengah</strong></p><address style=\"color: rgb(0, 0, 0); font-family: Verdana, Arial, Helvetica, sans-serif; font-size: 14px;\"><span data-mce-style=\"text-decoration: underline;\" style=\"text-decoration-line: underline;\">Alamat Jl. Stadion Selatan No. 1, Semarang 50136 Telp. (024) 8318846, 8415813, 8319421</span></address>'),
('publik','<h2 style=\"color: rgb(0, 0, 0); font-family: Verdana, Arial, Helvetica, sans-serif; letter-spacing: normal;\">Informasi</h2><ol style=\"color: rgb(0, 0, 0); font-family: Verdana, Arial, Helvetica, sans-serif; font-size: 14px;\"><li>Input&nbsp;<strong>Jadwal Pegawai</strong>&nbsp;dan Input&nbsp;<strong>Izin Ketidakhadiran</strong>&nbsp;paling lambat&nbsp;<strong>tanggal&nbsp;5&nbsp;bulan&nbsp;berikutnya</strong></li><li>Apabila belum Input<strong>&nbsp;Jadwal Pegawai, Data Presensi&nbsp;</strong>di<strong>&nbsp;SINAGA Mobile&nbsp;</strong>tidak akan muncul</li><li><strong>JANGAN LUPA&nbsp;</strong>untuk menyimpan&nbsp;<em><strong>Data Presensi</strong></em>&nbsp;Setiap akhir bulan</li><li>Jadwal Bulan Ramadhan untuk 6 hari Kerja menggunakan Kode&nbsp;<strong>PS 3</strong>&nbsp;dan&nbsp;<strong>PS 4&nbsp;</strong>sedangkan untuk 5 hari Kerja menggunakan Kode&nbsp;&nbsp;<strong>PS 1</strong>&nbsp;dan&nbsp;<strong>PS 2</strong></li></ol><p style=\"color: rgb(0, 0, 0); font-family: Verdana, Arial, Helvetica, sans-serif; font-size: 14px;\">Informasi selengkapnya hubungi :</p><h4 style=\"color: rgb(0, 0, 0); font-family: Verdana, Arial, Helvetica, sans-serif; font-size: 14px; letter-spacing: normal;\">Badan Kepegawaian Daerah Provinsi Jawa Tengah</h4><address style=\"color: rgb(0, 0, 0); font-family: Verdana, Arial, Helvetica, sans-serif; font-size: 14px;\">Alamat Jl. Stadion Selatan No. 1, Semarang 50136 Telp. (024) 8318846, 8415813, 8319421</address>');

/*Table structure for table `parent_presensi` */

DROP TABLE IF EXISTS `parent_presensi`;

CREATE TABLE `parent_presensi` (
  `id` int(11) unsigned NOT NULL AUTO_INCREMENT,
  `opd` varchar(100) DEFAULT NULL,
  `unit` varchar(100) DEFAULT NULL,
  `bulan` varchar(11) DEFAULT NULL,
  `tahun` int(11) DEFAULT NULL,
  `generate_by` varchar(100) DEFAULT NULL,
  `created_at` datetime DEFAULT NULL,
  `updated_at` datetime DEFAULT NULL,
  `deleted_at` datetime DEFAULT NULL,
  PRIMARY KEY (`id`)
) ENGINE=InnoDB AUTO_INCREMENT=2 DEFAULT CHARSET=utf8mb4;

/*Data for the table `parent_presensi` */

insert  into `parent_presensi`(`id`,`opd`,`unit`,`bulan`,`tahun`,`generate_by`,`created_at`,`updated_at`,`deleted_at`) values 
(1,'B200000000','B200000000','08',2021,'198809022011011004','2021-08-21 15:36:07',NULL,NULL);

/*Table structure for table `presensi` */

DROP TABLE IF EXISTS `presensi`;

CREATE TABLE `presensi` (
  `id_presensi` int(11) NOT NULL AUTO_INCREMENT,
  `id` varchar(32) DEFAULT NULL,
  `tahun_bulan` varchar(20) DEFAULT NULL,
  `id_parent` varchar(32) NOT NULL DEFAULT '',
  `nip` varchar(32) NOT NULL,
  `nama_lengkap` varchar(128) DEFAULT NULL,
  `j_01` varchar(8) DEFAULT '1',
  `am_01` varchar(20) DEFAULT NULL,
  `ap_01` varchar(20) DEFAULT NULL,
  `s_01` varchar(8) DEFAULT '',
  `j_02` varchar(8) DEFAULT '1',
  `am_02` varchar(20) DEFAULT NULL,
  `ap_02` varchar(20) DEFAULT NULL,
  `s_02` varchar(8) DEFAULT '',
  `j_03` varchar(8) DEFAULT '1',
  `am_03` varchar(20) DEFAULT NULL,
  `ap_03` varchar(20) DEFAULT NULL,
  `s_03` varchar(8) DEFAULT '',
  `j_04` varchar(8) DEFAULT '1',
  `am_04` varchar(20) DEFAULT NULL,
  `ap_04` varchar(20) DEFAULT NULL,
  `s_04` varchar(8) DEFAULT '',
  `j_05` varchar(8) DEFAULT '1',
  `am_05` varchar(20) DEFAULT NULL,
  `ap_05` varchar(20) DEFAULT NULL,
  `s_05` varchar(8) DEFAULT '',
  `j_06` varchar(8) DEFAULT '1',
  `am_06` varchar(20) DEFAULT NULL,
  `ap_06` varchar(20) DEFAULT NULL,
  `s_06` varchar(8) DEFAULT '',
  `j_07` varchar(8) DEFAULT '1',
  `am_07` varchar(20) DEFAULT NULL,
  `ap_07` varchar(20) DEFAULT NULL,
  `s_07` varchar(8) DEFAULT '',
  `j_08` varchar(8) DEFAULT '1',
  `am_08` varchar(20) DEFAULT NULL,
  `ap_08` varchar(20) DEFAULT NULL,
  `s_08` varchar(8) DEFAULT '',
  `j_09` varchar(8) DEFAULT '1',
  `am_09` varchar(20) DEFAULT NULL,
  `ap_09` varchar(20) DEFAULT NULL,
  `s_09` varchar(8) DEFAULT '',
  `j_10` varchar(8) DEFAULT '1',
  `am_10` varchar(20) DEFAULT NULL,
  `ap_10` varchar(20) DEFAULT NULL,
  `s_10` varchar(8) DEFAULT '',
  `j_11` varchar(8) DEFAULT '1',
  `am_11` varchar(20) DEFAULT NULL,
  `ap_11` varchar(20) DEFAULT NULL,
  `s_11` varchar(8) DEFAULT '',
  `j_12` varchar(8) DEFAULT '1',
  `am_12` varchar(20) DEFAULT NULL,
  `ap_12` varchar(20) DEFAULT NULL,
  `s_12` varchar(8) DEFAULT '',
  `j_13` varchar(8) DEFAULT '1',
  `am_13` varchar(20) DEFAULT NULL,
  `ap_13` varchar(20) DEFAULT NULL,
  `s_13` varchar(8) DEFAULT '',
  `j_14` varchar(8) DEFAULT '1',
  `am_14` varchar(20) DEFAULT NULL,
  `ap_14` varchar(20) DEFAULT NULL,
  `s_14` varchar(8) DEFAULT '',
  `j_15` varchar(8) DEFAULT '1',
  `am_15` varchar(20) DEFAULT NULL,
  `ap_15` varchar(20) DEFAULT NULL,
  `s_15` varchar(8) DEFAULT '',
  `j_16` varchar(8) DEFAULT '1',
  `am_16` varchar(20) DEFAULT NULL,
  `ap_16` varchar(20) DEFAULT NULL,
  `s_16` varchar(8) DEFAULT '',
  `j_17` varchar(8) DEFAULT '1',
  `am_17` varchar(20) DEFAULT NULL,
  `ap_17` varchar(20) DEFAULT NULL,
  `s_17` varchar(8) DEFAULT '',
  `j_18` varchar(8) DEFAULT '1',
  `am_18` varchar(20) DEFAULT NULL,
  `ap_18` varchar(20) DEFAULT NULL,
  `s_18` varchar(8) DEFAULT '',
  `j_19` varchar(8) DEFAULT '1',
  `am_19` varchar(20) DEFAULT NULL,
  `ap_19` varchar(20) DEFAULT NULL,
  `s_19` varchar(8) DEFAULT '',
  `j_20` varchar(8) DEFAULT '1',
  `am_20` varchar(20) DEFAULT NULL,
  `ap_20` varchar(20) DEFAULT NULL,
  `s_20` varchar(8) DEFAULT '',
  `j_21` varchar(8) DEFAULT '1',
  `am_21` varchar(20) DEFAULT NULL,
  `ap_21` varchar(20) DEFAULT NULL,
  `s_21` varchar(8) DEFAULT '',
  `j_22` varchar(8) DEFAULT '1',
  `am_22` varchar(20) DEFAULT NULL,
  `ap_22` varchar(20) DEFAULT NULL,
  `s_22` varchar(8) DEFAULT '',
  `j_23` varchar(8) DEFAULT '1',
  `am_23` varchar(20) DEFAULT NULL,
  `ap_23` varchar(20) DEFAULT NULL,
  `s_23` varchar(8) DEFAULT '',
  `j_24` varchar(8) DEFAULT '1',
  `am_24` varchar(20) DEFAULT NULL,
  `ap_24` varchar(20) DEFAULT NULL,
  `s_24` varchar(8) DEFAULT '',
  `j_25` varchar(8) DEFAULT '1',
  `am_25` varchar(20) DEFAULT NULL,
  `ap_25` varchar(20) DEFAULT NULL,
  `s_25` varchar(8) DEFAULT '',
  `j_26` varchar(8) DEFAULT '1',
  `am_26` varchar(20) DEFAULT NULL,
  `ap_26` varchar(20) DEFAULT NULL,
  `s_26` varchar(8) DEFAULT '',
  `j_27` varchar(8) DEFAULT '1',
  `am_27` varchar(20) DEFAULT NULL,
  `ap_27` varchar(20) DEFAULT NULL,
  `s_27` varchar(8) DEFAULT '',
  `j_28` varchar(8) DEFAULT '1',
  `am_28` varchar(20) DEFAULT NULL,
  `ap_28` varchar(20) DEFAULT NULL,
  `s_28` varchar(8) DEFAULT '',
  `j_29` varchar(8) DEFAULT '1',
  `am_29` varchar(20) DEFAULT NULL,
  `ap_29` varchar(20) DEFAULT NULL,
  `s_29` varchar(8) DEFAULT '',
  `j_30` varchar(8) DEFAULT '1',
  `am_30` varchar(20) DEFAULT NULL,
  `ap_30` varchar(20) DEFAULT NULL,
  `s_30` varchar(8) DEFAULT '',
  `j_31` varchar(8) DEFAULT '1',
  `am_31` varchar(20) DEFAULT NULL,
  `ap_31` varchar(20) DEFAULT NULL,
  `s_31` varchar(8) DEFAULT '',
  `description` text DEFAULT NULL,
  `kwk` decimal(8,0) DEFAULT NULL,
  `alpha` decimal(2,0) DEFAULT NULL,
  `lock` enum('1','0') DEFAULT NULL,
  `created_at` datetime DEFAULT NULL,
  `created_by` varchar(100) DEFAULT NULL,
  `updated_at` datetime DEFAULT NULL,
  `updated_by` varchar(100) DEFAULT NULL,
  PRIMARY KEY (`id_presensi`),
  KEY `j_01` (`j_01`),
  KEY `INDEX` (`nip`),
  KEY `ukerIdx` (`id_parent`)
) ENGINE=InnoDB AUTO_INCREMENT=3 DEFAULT CHARSET=latin1;

/*Data for the table `presensi` */

insert  into `presensi`(`id_presensi`,`id`,`tahun_bulan`,`id_parent`,`nip`,`nama_lengkap`,`j_01`,`am_01`,`ap_01`,`s_01`,`j_02`,`am_02`,`ap_02`,`s_02`,`j_03`,`am_03`,`ap_03`,`s_03`,`j_04`,`am_04`,`ap_04`,`s_04`,`j_05`,`am_05`,`ap_05`,`s_05`,`j_06`,`am_06`,`ap_06`,`s_06`,`j_07`,`am_07`,`ap_07`,`s_07`,`j_08`,`am_08`,`ap_08`,`s_08`,`j_09`,`am_09`,`ap_09`,`s_09`,`j_10`,`am_10`,`ap_10`,`s_10`,`j_11`,`am_11`,`ap_11`,`s_11`,`j_12`,`am_12`,`ap_12`,`s_12`,`j_13`,`am_13`,`ap_13`,`s_13`,`j_14`,`am_14`,`ap_14`,`s_14`,`j_15`,`am_15`,`ap_15`,`s_15`,`j_16`,`am_16`,`ap_16`,`s_16`,`j_17`,`am_17`,`ap_17`,`s_17`,`j_18`,`am_18`,`ap_18`,`s_18`,`j_19`,`am_19`,`ap_19`,`s_19`,`j_20`,`am_20`,`ap_20`,`s_20`,`j_21`,`am_21`,`ap_21`,`s_21`,`j_22`,`am_22`,`ap_22`,`s_22`,`j_23`,`am_23`,`ap_23`,`s_23`,`j_24`,`am_24`,`ap_24`,`s_24`,`j_25`,`am_25`,`ap_25`,`s_25`,`j_26`,`am_26`,`ap_26`,`s_26`,`j_27`,`am_27`,`ap_27`,`s_27`,`j_28`,`am_28`,`ap_28`,`s_28`,`j_29`,`am_29`,`ap_29`,`s_29`,`j_30`,`am_30`,`ap_30`,`s_30`,`j_31`,`am_31`,`ap_31`,`s_31`,`description`,`kwk`,`alpha`,`lock`,`created_at`,`created_by`,`updated_at`,`updated_by`) values 
(1,'202108_196305261995031002','202108','1','196305261995031002','Drs. WISNU ZAROH, M.Si','1',NULL,NULL,'','3',NULL,NULL,'','3',NULL,NULL,'','3',NULL,NULL,'','3',NULL,NULL,'','458',NULL,NULL,'','1',NULL,NULL,'','1',NULL,NULL,'','3',NULL,NULL,'','3',NULL,NULL,'','3',NULL,NULL,'','3',NULL,NULL,'','458',NULL,NULL,'','1',NULL,NULL,'','1',NULL,NULL,'','3',NULL,NULL,'','3',NULL,NULL,'','3',NULL,NULL,'','3',NULL,NULL,'','458',NULL,NULL,'','1',NULL,NULL,'','1',NULL,NULL,'','3',NULL,NULL,'','3',NULL,NULL,'','3',NULL,NULL,'','3',NULL,NULL,'','458',NULL,NULL,'','1',NULL,NULL,'','1',NULL,NULL,'','3',NULL,NULL,'','3',NULL,NULL,'',NULL,NULL,NULL,NULL,'2021-08-21 15:36:07','198809022011011004',NULL,NULL),
(2,'202108_198809112010011002','202108','1','198809112010011002','FARID USHRIH, A.Md','1',NULL,NULL,'','3',NULL,NULL,'','3',NULL,NULL,'','3',NULL,NULL,'','3',NULL,NULL,'','458',NULL,NULL,'','1',NULL,NULL,'','1',NULL,NULL,'','3',NULL,NULL,'','3',NULL,NULL,'','3',NULL,NULL,'','3',NULL,NULL,'','458',NULL,NULL,'','1',NULL,NULL,'','1',NULL,NULL,'','3',NULL,NULL,'','3',NULL,NULL,'','3',NULL,NULL,'','3',NULL,NULL,'','458',NULL,NULL,'','1',NULL,NULL,'','1',NULL,NULL,'','3',NULL,NULL,'','3',NULL,NULL,'','3',NULL,NULL,'','3',NULL,NULL,'','458',NULL,NULL,'','1',NULL,NULL,'','1',NULL,NULL,'','3',NULL,NULL,'','3',NULL,NULL,'',NULL,NULL,NULL,NULL,'2021-08-21 15:36:07','198809022011011004',NULL,NULL);

/*Table structure for table `presensi_copy` */

DROP TABLE IF EXISTS `presensi_copy`;

CREATE TABLE `presensi_copy` (
  `id` varchar(32) NOT NULL,
  `nip` varchar(32) NOT NULL,
  `nama` varchar(128) DEFAULT NULL,
  `unit_kerja` varchar(32) NOT NULL,
  `j_01` varchar(8) DEFAULT '',
  `am_01` varchar(20) DEFAULT NULL,
  `ap_01` varchar(20) DEFAULT NULL,
  `s_01` varchar(8) DEFAULT '',
  `j_02` varchar(8) DEFAULT '',
  `am_02` varchar(20) DEFAULT NULL,
  `ap_02` varchar(20) DEFAULT NULL,
  `s_02` varchar(8) DEFAULT '',
  `j_03` varchar(8) DEFAULT '',
  `am_03` varchar(20) DEFAULT NULL,
  `ap_03` varchar(20) DEFAULT NULL,
  `s_03` varchar(8) DEFAULT '',
  `j_04` varchar(8) DEFAULT NULL,
  `am_04` varchar(20) DEFAULT NULL,
  `ap_04` varchar(20) DEFAULT NULL,
  `s_04` varchar(8) DEFAULT '',
  `j_05` varchar(8) DEFAULT '',
  `am_05` varchar(20) DEFAULT NULL,
  `ap_05` varchar(20) DEFAULT NULL,
  `s_05` varchar(8) DEFAULT '',
  `j_06` varchar(8) DEFAULT '',
  `am_06` varchar(20) DEFAULT NULL,
  `ap_06` varchar(20) DEFAULT NULL,
  `s_06` varchar(8) DEFAULT '',
  `j_07` varchar(8) DEFAULT '',
  `am_07` varchar(20) DEFAULT NULL,
  `ap_07` varchar(20) DEFAULT NULL,
  `s_07` varchar(8) DEFAULT '',
  `j_08` varchar(8) DEFAULT '',
  `am_08` varchar(20) DEFAULT NULL,
  `ap_08` varchar(20) DEFAULT NULL,
  `s_08` varchar(8) DEFAULT '',
  `j_09` varchar(8) DEFAULT '',
  `am_09` varchar(20) DEFAULT NULL,
  `ap_09` varchar(20) DEFAULT NULL,
  `s_09` varchar(8) DEFAULT '',
  `j_10` varchar(8) DEFAULT '',
  `am_10` varchar(20) DEFAULT NULL,
  `ap_10` varchar(20) DEFAULT NULL,
  `s_10` varchar(8) DEFAULT '',
  `j_11` varchar(8) DEFAULT '',
  `am_11` varchar(20) DEFAULT NULL,
  `ap_11` varchar(20) DEFAULT NULL,
  `s_11` varchar(8) DEFAULT '',
  `j_12` varchar(8) DEFAULT '',
  `am_12` varchar(20) DEFAULT NULL,
  `ap_12` varchar(20) DEFAULT NULL,
  `s_12` varchar(8) DEFAULT '',
  `j_13` varchar(8) DEFAULT '',
  `am_13` varchar(20) DEFAULT NULL,
  `ap_13` varchar(20) DEFAULT NULL,
  `s_13` varchar(8) DEFAULT '',
  `j_14` varchar(8) DEFAULT '',
  `am_14` varchar(20) DEFAULT NULL,
  `ap_14` varchar(20) DEFAULT NULL,
  `s_14` varchar(8) DEFAULT '',
  `j_15` varchar(8) DEFAULT '',
  `am_15` varchar(20) DEFAULT NULL,
  `ap_15` varchar(20) DEFAULT NULL,
  `s_15` varchar(8) DEFAULT '',
  `j_16` varchar(8) DEFAULT '',
  `am_16` varchar(20) DEFAULT NULL,
  `ap_16` varchar(20) DEFAULT NULL,
  `s_16` varchar(8) DEFAULT '',
  `j_17` varchar(8) DEFAULT '',
  `am_17` varchar(20) DEFAULT NULL,
  `ap_17` varchar(20) DEFAULT NULL,
  `s_17` varchar(8) DEFAULT '',
  `j_18` varchar(8) DEFAULT '',
  `am_18` varchar(20) DEFAULT NULL,
  `ap_18` varchar(20) DEFAULT NULL,
  `s_18` varchar(8) DEFAULT '',
  `j_19` varchar(8) DEFAULT '',
  `am_19` varchar(20) DEFAULT NULL,
  `ap_19` varchar(20) DEFAULT NULL,
  `s_19` varchar(8) DEFAULT '',
  `j_20` varchar(8) DEFAULT '',
  `am_20` varchar(20) DEFAULT NULL,
  `ap_20` varchar(20) DEFAULT NULL,
  `s_20` varchar(8) DEFAULT '',
  `j_21` varchar(8) DEFAULT '',
  `am_21` varchar(20) DEFAULT NULL,
  `ap_21` varchar(20) DEFAULT NULL,
  `s_21` varchar(8) DEFAULT '',
  `j_22` varchar(8) DEFAULT '',
  `am_22` varchar(20) DEFAULT NULL,
  `ap_22` varchar(20) DEFAULT NULL,
  `s_22` varchar(8) DEFAULT '',
  `j_23` varchar(8) DEFAULT '',
  `am_23` varchar(20) DEFAULT NULL,
  `ap_23` varchar(20) DEFAULT NULL,
  `s_23` varchar(8) DEFAULT '',
  `j_24` varchar(8) DEFAULT '',
  `am_24` varchar(20) DEFAULT NULL,
  `ap_24` varchar(20) DEFAULT NULL,
  `s_24` varchar(8) DEFAULT '',
  `j_25` varchar(8) DEFAULT '',
  `am_25` varchar(20) DEFAULT NULL,
  `ap_25` varchar(20) DEFAULT NULL,
  `s_25` varchar(8) DEFAULT '',
  `j_26` varchar(8) DEFAULT '',
  `am_26` varchar(20) DEFAULT NULL,
  `ap_26` varchar(20) DEFAULT NULL,
  `s_26` varchar(8) DEFAULT '',
  `j_27` varchar(8) DEFAULT '',
  `am_27` varchar(20) DEFAULT NULL,
  `ap_27` varchar(20) DEFAULT NULL,
  `s_27` varchar(8) DEFAULT '',
  `j_28` varchar(8) DEFAULT '',
  `am_28` varchar(20) DEFAULT NULL,
  `ap_28` varchar(20) DEFAULT NULL,
  `s_28` varchar(8) DEFAULT '',
  `j_29` varchar(8) DEFAULT '',
  `am_29` varchar(20) DEFAULT NULL,
  `ap_29` varchar(20) DEFAULT NULL,
  `s_29` varchar(8) DEFAULT '',
  `j_30` varchar(8) DEFAULT '',
  `am_30` varchar(20) DEFAULT NULL,
  `ap_30` varchar(20) DEFAULT NULL,
  `s_30` varchar(8) DEFAULT '',
  `j_31` varchar(8) DEFAULT '',
  `am_31` varchar(20) DEFAULT NULL,
  `ap_31` varchar(20) DEFAULT NULL,
  `s_31` varchar(8) DEFAULT '',
  `description` text DEFAULT NULL,
  `kwk` decimal(8,0) DEFAULT NULL,
  `alpha` decimal(2,0) DEFAULT NULL,
  `lock` enum('1','0') DEFAULT NULL,
  `update_datetime` datetime DEFAULT NULL,
  `update_user` varchar(18) DEFAULT '',
  PRIMARY KEY (`id`),
  KEY `j_01` (`j_01`),
  KEY `INDEX` (`nip`),
  KEY `ukerIdx` (`unit_kerja`)
) ENGINE=InnoDB DEFAULT CHARSET=latin1;

/*Data for the table `presensi_copy` */

/*Table structure for table `privilege` */

DROP TABLE IF EXISTS `privilege`;

CREATE TABLE `privilege` (
  `id` varchar(32) NOT NULL DEFAULT '',
  `name` char(64) DEFAULT NULL,
  `status` enum('1','0') DEFAULT NULL,
  `description` varchar(255) DEFAULT NULL,
  `access` text DEFAULT NULL,
  `all` enum('true','false') DEFAULT NULL,
  `deleted` enum('true','false') DEFAULT 'true',
  PRIMARY KEY (`id`),
  KEY `INDEX` (`status`,`name`,`access`(767))
) ENGINE=InnoDB DEFAULT CHARSET=latin1;

/*Data for the table `privilege` */

insert  into `privilege`(`id`,`name`,`status`,`description`,`access`,`all`,`deleted`) values 
('1','Super Admin','1','Super Administrator Aplikasi','01,0101,0102,0103,02,0201,0202,0203,0204,03,0301,0302,04,0401,05,0501,0502,0503,0504,0505,0506,0507,0508,0509,0510,0511,0512,0513','true','false'),
('2','Admin Doklahta','1','Admin Doklahta','02,0201,0204,03,0301,0302,04,0401,05,0501,0502,0503,0504,0505,0506,0507,0508,0509,0510,0511,0512',NULL,'true'),
('3','Bidang Mutasi',NULL,'Bidang Mutasi','04,0401,05,0502,0503,0504',NULL,'true'),
('5','Admin Bidang PKP','1','Admin Bidang PKP','04,0401,05,0502,0503,0504,0505,0506,0507,0508,0509,0510,0511,0512',NULL,'true'),
('64','Koordinator Kab','1','Koordinator Kabupaten','02,0204,03,0302,04,0401,05,0502,0503,0504',NULL,'true'),
('77','Operator Satker','1','Operator Satker','02,0204,03,0302,04,0401,05,0502,0503,0504',NULL,'true'),
('77.1','Admin Bangsal','1','Admin Bangsal Rumah Sakit','02,0204,0401',NULL,'true'),
('8','Admin SKPD','1','Admin SKPD','02,0204,03,0302,04,0401,05,0502,0503,0504',NULL,'true'),
('8.1','Operator SKPD','1','Operator SKPD','02,0204,03,0302,04,0401,05,0501,0502,0503,0504',NULL,'true'),
('88','Personal PNS','1','Personal PNS','0201,03,0301,0302,05,0501,0503',NULL,'true'),
('9','Operator SKPD','1','Operator SKPD','02,0204,03,0302,04,0401,05,0502,0503,0504',NULL,'true'),
('9.1','Operator UPT','1','Operator UPT','02,0204,03,0302,04,0401,05,0502,0503,0504',NULL,'true'),
('9.2','Admin Ruang','1','Admin Ruang Rumah Sakit','02,0204,0401',NULL,'true');

/*Table structure for table `tipe` */

DROP TABLE IF EXISTS `tipe`;

CREATE TABLE `tipe` (
  `id` varchar(8) NOT NULL,
  `nama` char(128) DEFAULT NULL,
  `keterangan` char(255) DEFAULT NULL,
  `status` enum('1','0') DEFAULT NULL,
  `group` char(8) DEFAULT NULL,
  `urut` varchar(2) DEFAULT NULL,
  PRIMARY KEY (`id`),
  KEY `INDEX` (`nama`)
) ENGINE=InnoDB DEFAULT CHARSET=latin1;

/*Data for the table `tipe` */

insert  into `tipe`(`id`,`nama`,`keterangan`,`status`,`group`,`urut`) values 
('A','Alpha','tidak absen masuk dan absen pulang tanpa keterangan','0','0','02'),
('CAP','Cuti Alasan Penting','Cuti Alasan Penting','0','3','13'),
('CAP(U)','Cuti Alasan Penting (khusus umroh)','Cuti Alasan Penting (khusus umroh)','1','3',NULL),
('CB','Cuti Besar','Cuti Besar','1','3','30'),
('CBS','Cuti Bersalin / Melahirkan','Cuti Bersalin','0','3','10'),
('CLTN','Cuti Diluar Tanggungan Negara','Cuti Diluar Tanggungan Negara','1','3','31'),
('CS','Cuti Sakit (2 s/d 13 hari)','Cuti Sakit','0','3',NULL),
('CS>14H','Cuti Sakit (lebih dr 14 hari)','Cuti Sakit','0','3','12'),
('CT','Cuti Tahunan','Cuti Tahunan','0','3','07'),
('CT(G)','Cuti Tahunan (Guru)','Cuti Tahunan (Guru)','0','3',NULL),
('DK','Diklat','Diklat','1','3','25'),
('DL','Dinas Luar','Dinas Luar','1','3','15'),
('DP','Dipekerjakan / Ditugaskan','Dipekerjakan / Ditugaskan','1','3','26'),
('FM','Force Majeure','Force Majeure','1','3',NULL),
('H','Hadir','Absen masuk sebelum jadwal dan absen pulang setelah jadwal','0','1','01'),
('HB','Libur Hari Besar','Libur Hari Besar / Tanggal Merah','0','2','19'),
('HBN','Hari Besar Kenegaraan (HBN)','Hari Besar Kenegaraan (HBN)','1','3',NULL),
('LL','Lain lain','Lain lain','0','3','28'),
('OFF','Libur','Libur Rutin / Mingguan','0','2','18'),
('P','Pulang Cepat','absen pulang lebih awal dari jadwal pulang','0','4','06'),
('S','Sakit (1 hari)','meninggalkan jam kerja karena sakit(Hanya 1 untuk hari)','0','3','03'),
('T','Terlambat','absen masuk melebihi jadwal masuk','0','4','05'),
('TAM','Tidak Absen Masuk','Tidak Absen Masuk namun absen pulang','0','4','21'),
('TAMP','Tidak Absen Masuk & Pulang Cepat','Tidak Absen Masuk & Pulang Cepat','0','4','24'),
('TAP','Tidak Absen Pulang','Absen masuk namun tidak absen pulang','0','4','22'),
('TAPT','Tidak Absen Pulang & Terlambat','Tidak Absen Pulang & Terlambat','0','4','23'),
('TB','Tugas Belajar','Tugas Belajar','1','3','14'),
('TL','Tugas Luar / Dinas Luar','Tugas Luar / Dinas Luar','0','3',NULL),
('TP','Terlambat & Pulang Cepat','Terlambat & Pulang Cepat','0','4','29'),
('TSL','Penugasan Luar (TSL)','Penugasan Luar (TSL)','1','3',NULL),
('WFH','Work From Home','Work From Home','1','3',NULL);

/*!40101 SET SQL_MODE=@OLD_SQL_MODE */;
/*!40014 SET FOREIGN_KEY_CHECKS=@OLD_FOREIGN_KEY_CHECKS */;
/*!40014 SET UNIQUE_CHECKS=@OLD_UNIQUE_CHECKS */;
/*!40111 SET SQL_NOTES=@OLD_SQL_NOTES */;
